"Name","Team","G","PA","AB","H","2B","3B","HR","R","RBI","BB","SO","HBP","SB","CS","-1","AVG","OBP","SLG","OPS","wOBA","-1","Fld","BsR","-1","WAR","playerid"
"Juan Soto","WSN","145","626","486","151","27","2","34","112","103","131","93","4","11","5","",".311",".458",".586","1.043",".435","","-0.1","-0.8","","7.0","20123"
"Mike Trout","LAA","139","600","479","130","25","2","36","101","96","105","137","12","8","2","",".271",".411",".561",".972",".406","","-1.8","1.0","","6.5","10155"
"José Ramírez","CLE","145","628","543","150","35","4","34","98","107","73","87","7","23","6","",".277",".367",".547",".914",".382","","2.0","2.3","","6.2","13510"
"Aaron Judge","NYY","144","624","536","146","25","0","38","94","99","78","163","5","6","2","",".273",".367",".531",".899",".381","","6.7","-0.1","","5.6","15640"
"Vladimir Guerrero Jr.","TOR","144","624","542","165","29","2","43","107","113","72","98","5","3","2","",".304",".388",".602",".990",".412","","-0.2","-1.2","","5.5","19611"
"Ronald Acuña Jr.","ATL","126","544","454","128","25","2","34","99","79","73","125","9","25","8","",".283",".390",".572",".962",".404","","-0.8","2.8","","5.3","18401"
"Mookie Betts","LAD","146","631","539","148","32","3","27","106","77","77","99","8","16","5","",".274",".370",".491",".861",".368","","8.7","1.8","","5.2","13611"
"Wander Franco","TBR","139","600","544","158","33","9","17","90","77","46","77","4","9","5","",".291",".349",".478",".826",".353","","1.6","-0.4","","5.0","23667"
"Carlos Correa","MIN","140","604","528","144","32","1","26","85","86","67","120","4","1","0","",".272",".356",".484",".840",".359","","1.8","0.1","","5.0","14162"
"Trea Turner","LAD","144","624","569","168","30","4","25","93","86","44","111","5","28","6","",".295",".348",".492",".841",".358","","-2.4","3.8","","5.0","16252"
"Alex Bregman","HOU","137","591","497","134","31","1","25","85","87","83","78","7","3","1","",".270",".379",".487",".867",".371","","-0.5","-0.8","","4.9","17678"
"Matt Olson","ATL","142","616","521","145","29","0","40","97","109","81","126","8","3","1","",".278",".381",".563",".944",".394","","4.4","-0.8","","4.8","14344"
"Francisco Lindor","NYM","143","617","543","140","28","2","28","89","83","62","105","6","15","6","",".257",".337",".470",".807",".343","","4.4","0.0","","4.7","12916"
"Nolan Arenado","STL","148","639","575","155","31","2","32","85","103","56","95","4","2","1","",".270",".336",".499",".835",".351","","5.5","0.0","","4.7","9777"
"Corey Seager","TEX","132","569","504","146","31","2","24","84","84","55","94","5","4","1","",".289",".361",".502",".863",".367","","-2.9","0.3","","4.6","13624"
"Luis Robert","CHW","141","608","556","155","31","3","29","87","85","37","139","9","21","6","",".279",".332",".500",".832",".353","","2.3","1.3","","4.5","20043"
"Bryce Harper","PHI","145","626","510","136","32","1","34","100","97","105","146","6","13","4","",".267",".395",".533",".928",".389","","-1.5","-0.8","","4.5","11579"
"Manny Machado","SDP","144","622","554","154","29","2","29","85","98","60","105","4","12","4","",".277",".350",".495",".845",".356","","1.7","-0.1","","4.5","11493"
"Kyle Tucker","HOU","138","598","532","147","32","4","30","87","97","57","107","3","18","4","",".275",".347",".521",".867",".365","","2.8","1.7","","4.4","18345"
"Rafael Devers","BOS","144","624","561","159","37","2","34","97","103","52","127","5","5","4","",".284",".348",".539",".886",".371","","-4.1","0.1","","4.4","17350"
"Bo Bichette","TOR","143","617","568","162","33","2","26","95","88","39","117","5","19","4","",".286",".335",".490",".825",".351","","-1.1","1.7","","4.3","19612"
"Freddie Freeman","LAD","146","631","542","158","30","2","30","100","93","76","107","7","5","2","",".291",".382",".519",".901",".379","","1.7","-0.3","","4.3","5361"
"Xander Bogaerts","BOS","144","624","553","156","37","1","24","85","89","62","118","4","6","1","",".283",".357",".486",".843",".360","","-4.2","0.6","","4.3","12161"
"Byron Buxton","MIN","116","499","461","123","32","2","30","77","75","26","126","7","16","4","",".266",".312",".538",".850",".356","","5.9","2.3","","4.3","14161"
"Brandon Lowe","TBR","133","574","500","122","26","2","33","84","87","61","158","8","6","1","",".244",".333",".497",".830",".352","","-0.5","1.2","","4.3","18882"
"Yasmani Grandal","CHW","125","502","408","94","16","1","24","66","71","86","121","4","1","1","",".232",".368",".453",".821",".358","","0.9","-2.5","","4.2","11368"
"Yordan Alvarez","HOU","132","571","504","143","31","1","37","89","110","58","133","6","2","1","",".285",".363",".571",".934",".390","","0.0","-0.4","","4.2","19556"
"Marcus Semien","TEX","145","628","558","143","30","2","27","90","74","61","117","3","12","4","",".257",".332",".462",".794",".340","","4.0","1.2","","4.2","12533"
"Trevor Story","BOS","143","617","550","141","35","5","24","84","80","54","155","8","20","7","",".257",".330",".468",".798",".340","","5.9","1.5","","4.0","12564"
"Ozzie Albies","ATL","142","616","560","152","34","5","27","94","82","44","110","4","16","4","",".270",".327",".491",".818",".346","","3.1","2.2","","3.9","16556"
"Matt Chapman","TOR","141","611","530","122","26","3","30","82","87","69","179","7","2","2","",".231",".325",".464",".789",".338","","7.2","0.0","","3.8","16505"
"Will Smith","LAD","117","470","402","101","20","2","25","67","78","54","101","10","2","0","",".252",".353",".498",".851",".361","","0.9","-0.7","","3.8","19197"
"Joey Gallo","NYY","140","604","492","101","17","1","40","88","96","101","215","7","5","1","",".206",".346",".487",".832",".354","","3.6","0.8","","3.8","14128"
"Pete Alonso","NYM","141","611","530","137","25","2","40","87","109","61","137","14","2","0","",".259",".349",".540",".890",".373","","-0.2","-1.7","","3.8","19251"
"J.T. Realmuto","PHI","133","532","475","123","24","3","20","72","69","43","125","8","10","3","",".258",".328",".443",".771",".330","","3.4","1.7","","3.7","11739"
"Anthony Rendon","LAA","127","548","472","126","29","1","20","72","78","65","88","7","4","1","",".267",".361",".459",".821",".352","","0.3","0.4","","3.6","12861"
"Brandon Nimmo","NYM","125","539","444","115","23","5","16","75","49","77","118","10","7","4","",".260",".380",".440",".820",".358","","-2.9","-0.6","","3.6","12927"
"George Springer","TOR","132","571","499","131","25","2","30","91","79","59","124","7","7","3","",".262",".347",".503",".849",".361","","-1.5","0.1","","3.6","12856"
"Bryan Reynolds","PIT","144","624","545","152","30","6","22","86","80","67","127","6","5","2","",".279",".362",".479",".841",".358","","-3.6","-0.5","","3.5","19326"
"Julio Rodríguez","SEA","126","545","488","128","25","2","18","67","63","45","139","6","16","5","",".263",".331",".431",".762",".329","","8.4","0.7","","3.5","23697"
"Jose Altuve","HOU","138","598","532","144","26","2","23","90","69","54","90","4","8","3","",".271",".341",".457",".798",".342","","-3.2","0.4","","3.4","5417"
"Tim Anderson","CHW","144","621","585","172","32","2","21","92","67","25","127","4","20","6","",".293",".325",".462",".786",".335","","-5.9","2.0","","3.4","15172"
"Tyler O'Neill","STL","137","592","530","136","25","2","35","87","93","46","178","10","13","4","",".256",".325",".507",".832",".352","","1.5","1.2","","3.4","15711"
"Seiya Suzuki","CHC","125","539","467","135","25","1","26","77","82","62","99","5","9","6","",".289",".375",".518",".893",".376","","-0.1","-1.1","","3.4","30116"
"Sean Murphy","OAK","112","447","393","91","23","2","19","54","59","41","117","9","1","0","",".231",".315",".439",".754",".325","","2.9","-0.3","","3.3","19352"
"Austin Riley","ATL","142","616","551","150","30","2","31","83","94","51","160","9","1","1","",".272",".341",".500",".841",".357","","-4.1","-1.4","","3.3","18360"
"Ketel Marte","ARI","138","595","535","153","36","4","19","77","70","47","93","6","5","1","",".285",".347",".472",".820",".350","","-0.3","0.1","","3.3","13613"
"Shohei Ohtani","LAA","136","587","502","129","24","5","37","93","93","76","168","3","22","8","",".257",".357",".543",".900",".372","","0.0","0.4","","3.3","19755"
"Max Muncy","LAD","131","565","467","114","21","2","31","85","93","85","127","9","3","1","",".243",".367",".495",".862",".368","","0.0","-0.2","","3.3","13301"
"Cedric Mullins","BAL","143","617","553","142","28","5","23","80","64","50","121","6","24","7","",".258",".324",".452",".776",".332","","0.7","2.0","","3.2","17929"
"Jorge Polanco","MIN","138","598","541","147","31","3","24","82","82","47","108","4","10","5","",".271",".331",".472",".803",".343","","-3.5","-0.1","","3.2","13152"
"Harrison Bader","STL","131","566","501","123","27","2","19","70","66","46","137","12","13","4","",".246",".323",".424",".746",".320","","8.0","0.9","","3.2","18030"
"Jake Cronenworth","SDP","134","577","509","137","29","6","15","75","67","54","86","8","6","3","",".269",".346",".438",".783",".336","","2.0","-0.5","","3.2","18036"
"Trent Grisham","SDP","130","564","485","117","25","4","19","74","62","67","129","5","14","4","",".241",".338",".423",".761",".330","","3.6","0.6","","3.2","18564"
"Enrique Hernández","BOS","137","591","522","131","32","3","22","82","68","55","116","8","2","0","",".250",".329",".450",".779",".335","","2.7","0.5","","3.1","10472"
"Paul Goldschmidt","STL","148","639","558","150","29","2","26","89","84","71","137","4","7","2","",".268",".352",".468",".820",".352","","1.7","0.3","","3.1","9218"
"Jonathan India","CIN","131","568","482","124","29","2","18","83","61","62","126","17","10","3","",".256",".359",".435",".793",".346","","1.6","0.0","","3.0","21523"
"Fernando Tatis Jr.","SDP","69","298","259","73","14","1","21","51","51","33","74","3","12","4","",".281",".366",".585",".951",".396","","-0.9","1.2","","3.0","19709"
"Christian Yelich","MIL","136","587","494","129","26","3","24","84","79","83","144","6","13","3","",".261",".371",".469",".840",".360","","-1.2","1.5","","3.0","11477"
"Yoán Moncada","CHW","118","509","437","112","24","2","16","65","61","60","132","6","3","1","",".255",".351",".430",".781",".340","","0.4","0.0","","2.9","17232"
"J.P. Crawford","SEA","144","624","552","143","31","2","11","74","55","58","106","7","6","4","",".260",".336",".381",".717",".315","","-0.7","-0.8","","2.9","15491"
"Ke'Bryan Hayes","PIT","131","565","508","133","32","3","13","68","60","48","120","4","11","2","",".263",".329",".414",".743",".322","","6.5","0.9","","2.9","18577"
"Ty France","SEA","134","578","510","141","28","2","20","75","75","43","103","20","1","1","",".276",".353",".453",".806",".348","","1.6","-1.2","","2.9","17982"
"Josh Donaldson","NYY","123","532","451","109","21","0","25","73","73","71","125","5","1","1","",".241",".348",".458",".806",".347","","-0.8","-1.4","","2.8","5038"
"Cody Bellinger","LAD","112","486","424","104","20","3","24","67","74","55","113","2","11","3","",".244",".333",".474",".807",".340","","0.6","0.6","","2.8","15998"
"Anthony Rizzo","NYY","128","552","469","121","20","2","26","74","78","57","88","21","5","2","",".258",".362",".472",".834",".358","","1.6","-1.7","","2.8","3473"
"Tommy Edman","STL","128","552","506","139","28","4","13","71","55","34","84","6","21","5","",".274",".325",".419",".745",".321","","3.1","2.6","","2.8","19470"
"Willy Adames","MIL","133","574","508","127","27","2","22","75","68","58","159","2","6","4","",".250",".327",".440",".767",".330","","-0.7","-0.1","","2.8","15986"
"DJ LeMahieu","NYY","128","552","493","140","23","2","13","75","56","49","77","4","4","2","",".283",".350",".414",".764",".333","","2.4","-0.4","","2.8","9874"
"Oneil Cruz","PIT","106","460","411","112","24","4","19","61","64","39","109","4","14","5","",".272",".338",".488",".826",".352","","0.0","0.2","","2.8","21711"
"Max Stassi","LAA","95","376","332","74","13","1","15","44","45","34","115","6","0","0","",".224",".305",".404",".709",".308","","1.7","-0.9","","2.8","10059"
"Max Kepler","MIN","126","545","473","111","25","3","24","73","69","59","101","7","8","3","",".235",".327",".450",".777",".333","","5.6","0.5","","2.7","12144"
"Giancarlo Stanton","NYY","128","552","486","127","21","0","34","74","97","57","156","4","1","0","",".262",".343",".516",".859",".363","","-0.1","-1.3","","2.7","4949"
"Luis Urías","MIL","121","522","448","112","23","2","18","65","61","58","104","9","5","2","",".251",".345",".428",".773",".335","","2.5","-0.6","","2.7","16622"
"Ramón Laureano","OAK","116","502","444","109","24","2","20","63","61","41","126","11","12","4","",".246",".323",".445",".768",".331","","4.1","0.8","","2.6","17128"
"Jacob Stallings","MIA","104","411","366","87","17","1","9","39","43","37","91","3","0","0","",".238",".313",".361",".674",".296","","5.9","-0.8","","2.6","13723"
"Spencer Torkelson","DET","124","536","457","112","24","1","27","71","75","62","125","8","4","2","",".246",".344",".484",".827",".354","","1.8","-0.5","","2.6","27465"
"Jeff McNeil","NYM","125","539","481","135","27","2","13","68","56","39","70","12","5","2","",".281",".349",".427",".776",".337","","-1.2","-0.6","","2.6","15362"
"Rhys Hoskins","PHI","133","574","482","115","29","1","30","80","88","80","142","8","3","2","",".238",".353",".493",".846",".361","","0.0","-1.1","","2.6","16472"
"Brandon Crawford","SFG","127","549","489","124","25","2","18","64","68","50","110","5","7","3","",".253",".327",".423",".750",".320","","1.0","-0.9","","2.6","5343"
"Javier Báez","DET","119","516","480","122","24","2","23","65","72","25","151","7","13","5","",".255",".298",".461",".759",".321","","-0.5","1.0","","2.5","12979"
"Jeimer Candelario","DET","138","595","523","129","32","3","17","69","66","61","132","6","1","1","",".247",".330",".419",".749",".325","","-0.6","-0.6","","2.5","13621"
"Paul DeJong","STL","122","526","465","106","22","1","21","63","66","47","132","9","6","2","",".227",".309",".417",".726",".314","","3.4","-0.2","","2.5","18015"
"Aaron Hicks","NYY","128","552","462","108","19","2","19","71","66","80","122","4","6","3","",".234",".350",".410",".760",".332","","-3.2","0.2","","2.5","5297"
"Bobby Witt Jr.","KCR","131","566","512","130","28","4","20","70","64","40","133","6","20","7","",".254",".313",".439",".752",".322","","1.8","0.7","","2.5","25764"
"Jared Walsh","LAA","134","581","520","136","28","2","31","77","96","50","151","6","2","1","",".262",".332",".499",".830",".350","","0.4","-1.1","","2.5","18607"
"Jesse Winker","SEA","131","565","483","127","26","1","20","73","67","68","96","9","2","1","",".262",".361",".443",".804",".349","","-2.4","-2.0","","2.5","13590"
"Adley Rutschman","BAL","97","387","330","82","17","1","13","46","44","47","74","4","3","1","",".249",".348",".423",".771",".336","","0.0","-0.3","","2.5","sa3011643"
"Myles Straw","CLE","125","542","476","127","22","3","4","69","38","58","103","2","27","6","",".267",".347",".350",".697",".311","","3.5","3.2","","2.5","17620"
"Jeremy Peña","HOU","119","512","466","119","19","5","18","54","55","32","127","8","9","4","",".255",".311",".431",".742",".319","","-0.5","-0.4","","2.4","21636"
"Eloy Jiménez","CHW","132","569","523","142","26","1","32","72","95","36","137","3","0","0","",".271",".320",".505",".825",".349","","-2.8","-0.3","","2.4","17484"
"Alex Verdugo","BOS","125","539","483","140","31","2","15","71","61","47","84","4","6","2","",".290",".354",".453",".807",".344","","1.6","0.4","","2.4","17027"
"Eduardo Escobar","NYM","129","558","505","123","25","4","23","67","76","46","118","3","1","1","",".243",".308",".447",".756",".322","","-0.1","-0.8","","2.4","6153"
"Steven Kwan","CLE","127","549","483","138","24","5","12","72","56","53","63","6","7","4","",".285",".360",".432",".792",".344","","-1.2","-0.8","","2.4","24610"
"Mitch Garver","TEX","112","451","391","94","18","1","21","58","59","51","125","5","2","1","",".240",".333",".453",".786",".338","","-2.8","-0.9","","2.4","15161"
"Tyler Stephenson","CIN","106","419","366","97","20","0","12","53","49","43","82","7","0","0","",".264",".350",".420",".769",".335","","1.9","-0.6","","2.4","17988"
"Dylan Carlson","STL","139","599","527","135","30","4","18","78","66","55","135","10","5","2","",".256",".335",".433",".768",".331","","1.8","-0.5","","2.4","20126"
"Jesús Sánchez","MIA","118","509","462","118","17","6","23","62","71","38","130","5","2","2","",".255",".317",".466",".783",".332","","1.1","-1.2","","2.4","19913"
"Justin Turner","LAD","126","545","479","127","22","0","19","71","74","51","93","11","2","0","",".265",".347",".432",".780",".339","","-2.6","-1.1","","2.3","5235"
"Gleyber Torres","NYY","117","506","447","116","22","0","18","61","64","49","102","4","9","4","",".259",".335",".432",".767",".331","","-2.9","-0.2","","2.3","16997"
"Salvador Perez","KCR","139","558","523","134","23","0","33","68","91","21","137","10","1","0","",".257",".296",".495",".791",".332","","2.1","-1.2","","2.3","7304"
"Willson Contreras","CHC","132","538","464","111","23","1","23","69","71","53","143","16","5","3","",".240",".336",".443",".779",".337","","0.1","-1.7","","2.3","11609"
"Nicky Lopez","KCR","131","566","503","136","23","4","4","65","44","47","74","5","15","4","",".271",".336",".361",".697",".308","","4.8","1.1","","2.3","19339"
"Starling Marte","NYM","126","545","493","133","25","2","15","76","61","33","100","14","29","8","",".269",".330",".423",".753",".325","","-0.1","2.8","","2.3","9241"
"Josh Bell","WSN","137","594","515","139","27","2","29","82","99","70","110","4","1","1","",".270",".360",".497",".857",".364","","-3.7","-2.3","","2.3","13145"
"Kolten Wong","MIL","125","542","482","125","25","4","12","68","51","39","92","13","14","5","",".260",".330",".405",".735",".319","","3.7","0.8","","2.3","12532"
"Kyle Schwarber","PHI","130","561","479","113","20","1","35","81","86","72","154","5","2","2","",".237",".341",".504",".845",".358","","-0.5","-1.2","","2.2","16478"
"Marcell Ozuna","ATL","134","577","517","138","24","1","28","75","92","52","120","3","3","0","",".268",".336",".481",".817",".348","","0.4","-0.1","","2.2","10324"
"Brandon Belt","SFG","115","496","424","105","21","2","24","69","65","62","123","5","3","2","",".248",".349",".476",".825",".352","","1.5","-1.3","","2.2","10264"
"Nathaniel Lowe","TEX","133","575","497","131","24","2","20","72","72","70","138","3","5","1","",".264",".357",".441",".798",".345","","-1.6","-0.2","","2.2","19566"
"Austin Meadows","DET","113","489","434","113","24","4","22","67","75","46","101","5","6","3","",".261",".336",".487",".823",".349","","0.1","-1.2","","2.2","15672"
"Jean Segura","PHI","124","535","489","138","25","3","13","66","57","33","75","7","8","3","",".283",".335",".424",".759",".327","","0.1","0.4","","2.2","5933"
"Danny Jansen","TOR","79","313","273","65","15","1","15","43","43","31","63","5","1","0","",".237",".324",".462",".786",".337","","0.6","-0.4","","2.2","16535"
"Adalberto Mondesi","KCR","131","566","526","126","26","6","17","68","65","29","162","3","48","10","",".240",".281",".411",".692",".295","","3.0","5.4","","2.2","13769"
"Kris Bryant","COL","140","604","526","146","34","2","25","89","80","61","129","11","7","2","",".277",".362",".492",".854",".364","","-4.4","1.1","","2.2","15429"
"Tony Kemp","OAK","115","496","424","110","19","3","9","60","43","57","66","7","10","3","",".258",".354",".379",".733",".325","","-2.0","0.1","","2.1","14894"
"José Abreu","CHW","145","628","562","146","31","2","29","81","102","48","143","13","1","0","",".260",".331",".474",".806",".343","","-1.8","-1.2","","2.1","15676"
"Randy Arozarena","TBR","134","581","512","130","29","3","21","79","70","50","153","14","18","9","",".255",".336",".444",".779",".335","","-1.1","-0.3","","2.1","19290"
"Daulton Varsho","ARI","118","496","439","109","22","3","19","63","58","47","109","5","10","3","",".248",".325",".440",".765",".328","","-1.7","1.0","","2.1","19918"
"Yandy Díaz","TBR","121","522","449","120","22","1","12","64","57","66","82","3","2","2","",".267",".362",".404",".766",".335","","-0.6","-1.1","","2.0","16578"
"Dansby Swanson","ATL","142","616","553","133","30","2","21","75","74","50","160","5","9","3","",".241",".308",".420",".728",".312","","-0.9","0.9","","2.0","18314"
"Michael Brantley","HOU","117","506","459","135","27","2","12","65","57","37","61","4","3","1","",".294",".349",".439",".789",".340","","-0.1","-0.8","","2.0","4106"
"Ian Happ","CHC","126","545","468","113","22","2","25","70","75","68","156","5","8","3","",".241",".341",".453",".794",".342","","-1.5","0.1","","2.0","17919"
"Nick Castellanos","PHI","140","607","552","151","36","2","28","85","91","43","132","7","3","2","",".273",".331",".497",".828",".349","","-2.8","-0.6","","2.0","11737"
"Mike Yastrzemski","SFG","124","536","470","112","27","4","21","71","63","52","133","8","5","2","",".239",".322",".445",".766",".328","","-0.1","-0.2","","2.0","14854"
"Chris Taylor","LAD","140","604","530","131","30","5","18","79","77","61","170","7","11","3","",".248",".330",".426",".756",".326","","-3.6","1.3","","2.0","13757"
"Whit Merrifield","KCR","145","626","577","160","33","3","11","80","56","37","92","5","29","7","",".276",".323",".402",".725",".313","","2.4","2.8","","2.0","11281"
"Andrew Benintendi","KCR","123","532","476","128","27","3","16","64","64","47","100","4","9","5","",".269",".338",".436",".774",".334","","1.1","-0.5","","2.0","17901"
"Miguel Rojas","MIA","121","522","476","125","24","3","8","56","49","35","71","6","10","4","",".262",".318",".376",".693",".301","","3.0","-0.3","","2.0","7802"
"Keibert Ruiz","WSN","97","386","351","93","18","1","15","45","52","28","48","4","0","0","",".266",".324",".448",".772",".331","","-0.4","-0.4","","2.0","19610"
"Brian Anderson","MIA","124","535","469","116","24","1","16","59","61","50","133","12","5","2","",".247",".333",".408",".741",".322","","-0.2","0.1","","2.0","18289"
"Jazz Chisholm Jr.","MIA","125","542","487","116","19","7","22","71","67","42","157","6","21","8","",".238",".303",".441",".745",".318","","-2.8","0.7","","1.9","20454"
"Mitch Haniger","SEA","120","519","464","114","21","2","26","73","75","43","130","7","2","0","",".246",".318",".469",".787",".335","","-0.2","-0.7","","1.9","14274"
"Austin Nola","SDP","96","384","340","88","18","1","9","45","43","33","64","7","2","1","",".258",".333",".397",".731",".319","","-1.3","-0.3","","1.9","15941"
"Ryan McMahon","COL","131","565","500","126","28","2","23","73","79","54","149","5","5","2","",".252",".329",".455",".784",".336","","2.0","-0.2","","1.9","15112"
"Nick Madrigal","CHC","106","460","421","125","22","5","4","55","40","27","34","7","9","6","",".297",".347",".401",".748",".326","","2.2","-1.2","","1.9","20521"
"Mark Canha","NYM","119","512","428","101","19","3","16","69","56","62","116","18","6","2","",".236",".354",".408",".762",".336","","-2.4","-0.2","","1.9","11445"
"Adam Frazier","SEA","120","519","469","125","23","3","8","62","42","36","66","7","6","4","",".266",".326",".379",".705",".308","","0.6","-0.4","","1.9","15223"
"Luis Arraez","MIN","125","539","482","145","25","4","5","67","46","49","50","2","4","3","",".300",".365",".400",".764",".333","","-0.1","-0.5","","1.9","18568"
"Amed Rosario","CLE","122","529","494","136","23","6","12","64","57","27","102","3","12","4","",".276",".315",".416",".731",".314","","-2.2","1.0","","1.9","15518"
"Andrés Giménez","CLE","99","430","392","97","20","3","13","51","46","22","102","11","16","5","",".248",".304",".414",".718",".309","","3.4","1.1","","1.9","19950"
"Michael Conforto","","107","462","391","99","20","1","18","60","60","57","102","9","3","1","",".252",".357",".448",".805",".348","","-2.7","-0.2","","1.9","16376"
"Avisaíl García","MIA","135","582","528","136","24","1","23","68","75","39","138","10","8","4","",".257",".318",".434",".753",".322","","1.1","-0.8","","1.9","5760"
"AJ Pollock","CHW","107","463","420","110","23","1","22","60","72","32","95","6","7","2","",".262",".321",".476",".797",".337","","-0.6","0.0","","1.8","9256"
"Eugenio Suárez","SEA","126","545","478","102","19","1","26","63","74","56","161","7","1","1","",".214",".304",".421",".724",".312","","-1.9","-1.5","","1.8","12552"
"Manuel Margot","TBR","113","489","443","115","23","3","12","58","56","39","86","2","15","7","",".260",".321",".406",".727",".314","","2.8","0.1","","1.8","14712"
"Jonah Heim","TEX","63","248","226","56","11","0","8","28","29","18","44","2","2","1","",".249",".306",".402",".708",".307","","2.8","-0.3","","1.8","16930"
"C.J. Cron","COL","128","552","488","131","28","2","31","73","92","48","123","12","1","0","",".269",".346",".522",".869",".367","","0.1","-1.5","","1.8","12546"
"Mike Zunino","TBR","76","298","268","52","10","1","17","37","42","23","108","5","0","0","",".195",".267",".431",".698",".297","","1.6","-0.4","","1.8","13265"
"Gio Urshela","MIN","111","479","445","120","26","1","15","55","59","27","97","3","1","0","",".270",".315",".435",".750",".322","","-0.8","-1.2","","1.8","10681"
"Gavin Lux","LAD","100","433","381","96","17","4","13","59","55","45","94","2","6","2","",".253",".334",".426",".759",".327","","-0.8","0.5","","1.8","19955"
"Franmil Reyes","CLE","141","608","546","136","22","1","36","77","101","55","187","3","3","1","",".250",".319",".495",".814",".344","","0.0","-1.4","","1.8","14566"
"Austin Hays","BAL","126","545","500","128","27","3","22","68","70","32","114","7","6","4","",".256",".308",".453",".761",".325","","2.6","-0.7","","1.8","19363"
"Carson Kelly","ARI","99","395","343","79","16","1","14","44","48","43","86","5","1","0","",".231",".324",".406",".730",".316","","0.1","-0.4","","1.8","13620"
"J.D. Martinez","BOS","143","617","550","147","34","2","27","82","91","58","144","5","1","0","",".268",".341",".482",".823",".348","","-0.2","-1.8","","1.7","6184"
"Ji-Man Choi","TBR","109","470","393","94","21","1","17","56","61","68","127","4","1","1","",".238",".355",".426",".781",".340","","-1.3","-0.8","","1.7","5452"
"Lorenzo Cain","MIL","112","483","431","114","22","0","10","56","45","41","85","5","15","5","",".263",".332",".387",".719",".315","","3.6","0.8","","1.7","9077"
"Lourdes Gurriel Jr.","TOR","129","558","517","142","30","2","23","70","82","31","114","5","3","3","",".274",".318",".474",".792",".336","","-0.6","-1.3","","1.7","19238"
"Joey Wendle","MIA","112","483","441","116","26","4","9","56","47","27","94","10","10","4","",".263",".318",".400",".718",".310","","1.3","-0.1","","1.7","13853"
"Brad Miller","TEX","103","443","386","91","16","2","20","56","57","49","123","3","3","1","",".235",".323",".446",".769",".329","","-1.5","-0.8","","1.7","12775"
"Josh Rojas","ARI","115","496","429","104","25","3","11","61","47","56","114","3","11","4","",".242",".332",".389",".722",".316","","0.6","1.0","","1.7","19734"
"Teoscar Hernández","TOR","112","486","442","116","23","1","26","67","80","35","130","5","7","3","",".263",".322",".495",".817",".346","","-2.1","0.1","","1.7","13066"
"Omar Narváez","MIL","91","360","317","79","14","0","11","39","40","36","74","5","0","0","",".249",".332",".393",".725",".315","","-0.9","-0.7","","1.7","13338"
"Jonathan Schoop","DET","132","569","529","137","26","2","21","69","69","27","114","8","2","0","",".260",".303",".433",".736",".315","","-3.0","-0.2","","1.6","11265"
"Roberto Pérez","PIT","103","408","356","73","12","1","13","40","43","42","124","4","1","0","",".205",".293",".350",".643",".284","","5.6","-1.1","","1.6","2900"
"Andy Ibáñez","TEX","112","483","440","115","23","2","14","56","52","33","79","4","3","2","",".260",".315",".414",".729",".314","","1.7","-1.0","","1.6","18819"
"Isiah Kiner-Falefa","NYY","119","512","471","124","22","3","8","59","46","28","76","8","13","4","",".264",".313",".369",".682",".297","","-0.6","0.9","","1.5","16512"
"Kevin Kiermaier","TBR","109","470","425","97","20","6","9","53","47","34","118","6","11","5","",".228",".293",".366",".659",".286","","5.9","0.5","","1.5","11038"
"Tommy La Stella","SFG","89","383","341","93","18","2","10","48","41","33","40","4","2","1","",".271",".339",".424",".763",".330","","-1.7","-0.8","","1.5","12371"
"Yuli Gurriel","HOU","131","565","512","142","29","1","15","69","71","44","70","5","2","1","",".278",".338",".427",".765",".330","","-0.8","-1.3","","1.5","19198"
"Jorge Soler","MIA","133","575","497","114","24","0","29","74","72","65","153","7","2","1","",".230",".326",".454",".780",".335","","-2.5","-1.6","","1.5","14221"
"Tommy Pham","CIN","115","496","426","108","21","2","17","65","56","62","110","4","13","4","",".254",".353",".431",".784",".340","","-0.8","0.7","","1.5","2967"
"Alejandro Kirk","TOR","88","362","317","82","18","0","13","43","44","37","50","4","1","0","",".257",".340",".440",".779",".336","","-0.7","-0.5","","1.5","22581"
"Christian Vázquez","BOS","90","354","325","83","16","1","8","38","38","23","66","2","5","2","",".256",".306",".387",".693",".300","","2.3","-1.1","","1.5","9774"
"Riley Greene","DET","78","337","297","74","14","3","11","40","39","32","94","4","4","2","",".249",".328",".424",".751",".324","","0.0","-0.2","","1.4","sa3010694"
"Garrett Cooper","MIA","130","562","494","128","22","2","20","69","66","54","146","9","2","1","",".260",".342",".430",".772",".335","","-0.9","-2.0","","1.4","15279"
"Wilmer Flores","SFG","90","390","353","95","20","1","14","47","49","30","52","4","1","0","",".270",".331",".450",".780",".335","","-1.8","-0.9","","1.4","5827"
"Adam Duvall","ATL","124","538","488","110","21","2","30","66","95","39","159","7","3","1","",".226",".290",".464",".754",".319","","3.4","-0.7","","1.4","10950"
"Travis d'Arnaud","ATL","93","370","336","82","16","0","12","42","49","27","88","4","0","0","",".246",".307",".405",".712",".308","","-2.1","-0.7","","1.4","7739"
"Robbie Grossman","DET","118","509","431","102","20","3","14","63","49","67","113","6","12","4","",".236",".345",".393",".738",".324","","-0.5","-0.3","","1.4","5254"
"Jonathan Villar","CHC","112","486","434","112","18","2","14","59","50","43","120","3","17","6","",".258",".326",".404",".730",".317","","-3.3","1.3","","1.4","10071"
"Taylor Ward","LAA","104","450","390","96","22","1","16","57","53","50","114","6","7","3","",".245",".338",".429",".767",".333","","-2.5","-0.1","","1.4","17548"
"Francisco Mejía","TBR","80","320","291","73","15","2","10","36","39","18","64","6","1","0","",".249",".305",".418",".723",".311","","0.1","-0.2","","1.4","16403"
"Anthony Santander","BAL","122","525","482","122","28","1","23","62","70","34","110","5","2","1","",".254",".308",".458",".765",".325","","0.7","-0.7","","1.4","14551"
"Ha-Seong Kim","SDP","86","369","329","79","15","2","11","45","45","31","74","4","9","2","",".240",".311",".398",".710",".308","","0.3","0.7","","1.4","27506"
"Brendan Rodgers","COL","120","519","478","130","27","3","18","62","64","29","110","7","1","1","",".271",".320",".454",".774",".331","","0.2","-0.5","","1.4","17907"
"Trey Mancini","BAL","138","598","535","140","30","1","23","73","76","50","134","8","0","0","",".262",".331",".452",".783",".335","","-0.7","-0.6","","1.4","15149"
"Joc Pederson","SFG","115","496","440","106","20","3","22","64","68","42","117","9","3","2","",".240",".318",".450",".767",".329","","0.2","-0.7","","1.4","11899"
"Joey Bart","SFG","89","351","319","76","15","1","11","41","38","22","111","5","3","1","",".238",".296",".397",".693",".300","","-0.6","-0.3","","1.3","21524"
"Ryan Mountcastle","BAL","137","591","544","142","25","2","28","73","85","37","150","4","4","2","",".260",".311",".466",".776",".330","","-0.1","-0.7","","1.3","18373"
"Nelson Cruz","WSN","121","522","466","123","18","1","29","71","85","45","120","6","2","0","",".264",".336",".495",".831",".349","","0.0","-1.8","","1.3","2434"
"Josh Naylor","CLE","119","516","465","124","26","1","18","61","62","42","87","3","3","1","",".265",".329",".441",".770",".330","","-2.9","-0.4","","1.3","18839"
"Didi Gregorius","PHI","115","496","453","112","22","3","17","56","67","31","77","7","3","2","",".247",".303",".420",".723",".310","","-2.8","-0.2","","1.3","6012"
"David Fletcher","LAA","109","470","434","118","22","3","4","54","36","28","45","2","9","2","",".272",".316",".363",".680",".297","","-0.5","0.6","","1.3","17992"
"Cavan Biggio","TOR","102","440","368","81","17","2","14","55","47","63","118","4","7","2","",".221",".339",".389",".727",".320","","-0.2","0.0","","1.3","19252"
"Ryan Jeffers","MIN","82","324","287","60","11","1","12","34","36","29","102","4","1","1","",".210",".291",".379",".669",".292","","0.1","-0.7","","1.3","24618"
"Jake Meyers","HOU","94","407","362","86","18","1","13","47","47","33","107","6","8","3","",".238",".309",".400",".710",".308","","-0.2","0.1","","1.3","20308"
"Elvis Andrus","OAK","119","515","474","118","25","2","7","55","44","32","78","4","11","4","",".249",".299",".356",".655",".286","","-1.5","1.4","","1.2","8709"
"Akil Baddoo","DET","98","423","376","92","18","5","13","53","47","41","107","1","15","4","",".245",".320",".423",".743",".320","","-1.6","1.3","","1.2","22168"
"Hunter Renfroe","MIL","122","528","477","110","23","0","30","68","78","44","140","3","3","1","",".230",".298",".466",".763",".324","","1.2","-1.0","","1.2","15464"
"Taylor Walls","TBR","80","346","299","66","16","1","6","38","32","40","91","2","12","5","",".219",".315",".342",".657",".292","","4.0","-0.3","","1.2","22458"
"Evan Longoria","SFG","89","383","343","84","17","1","14","45","49","33","87","4","2","1","",".246",".316",".427",".743",".318","","-0.5","-0.6","","1.2","9368"
"Manny Piña","ATL","56","219","194","44","8","0","8","24","29","18","47","5","1","0","",".226",".305",".397",".703",".305","","2.1","-0.5","","1.2","2829"
"Kyle Higashioka","NYY","76","300","276","57","12","0","13","33","40","19","80","2","1","0","",".207",".262",".400",".662",".283","","-0.3","-0.4","","1.2","5517"
"Joey Votto","CIN","142","613","522","125","24","1","27","76","87","82","151","5","1","0","",".239",".346",".448",".794",".341","","-0.9","-2.5","","1.2","4314"
"Jesús Aguilar","MIA","119","516","456","115","21","0","21","59","77","51","104","4","0","0","",".253",".331",".436",".767",".329","","0.1","-1.3","","1.2","11342"
"Adolis García","TEX","127","549","509","115","23","2","25","65","76","29","168","7","12","5","",".226",".274",".425",".700",".297","","3.6","-0.7","","1.2","19287"
"Cal Raleigh","SEA","65","258","236","53","13","0","10","28","32","18","65","2","2","1","",".223",".281",".407",".688",".295","","-1.4","-0.1","","1.2","21534"
"José Iglesias","COL","116","499","467","136","30","2","8","58","54","19","65","7","5","3","",".291",".326",".416",".742",".320","","-1.0","-0.3","","1.2","10231"
"Ramón Urías","BAL","100","433","386","94","22","1","11","46","45","36","106","7","3","2","",".244",".318",".387",".705",".309","","-1.7","-0.7","","1.1","18795"
"Andrew Vaughn","CHW","87","377","333","85","18","0","15","46","46","34","79","6","1","1","",".254",".331",".449",".780",".336","","-0.2","-0.8","","1.1","26197"
"J.D. Davis","NYM","82","355","309","78","16","1","12","41","40","37","94","6","2","0","",".252",".340",".422",".762",".331","","-1.9","-0.4","","1.1","16219"
"Isaac Paredes","TBR","48","209","177","43","8","1","6","25","23","27","38","2","1","0","",".243",".347",".407",".754",".330","","0.0","-0.4","","1.1","20036"
"Santiago Espinal","TOR","94","407","367","97","21","1","6","45","38","32","65","3","8","4","",".263",".324",".373",".698",".304","","1.6","-0.1","","1.1","19997"
"Miguel Sanó","MIN","141","611","530","117","25","1","35","81","91","71","208","5","3","1","",".221",".316",".472",".789",".336","","-7.7","-0.9","","1.1","12164"
"Michael A. Taylor","KCR","120","519","473","110","23","2","13","56","52","36","144","4","13","5","",".233",".291",".374",".664",".288","","4.5","0.2","","1.1","11489"
"Tucker Barnhart","DET","90","357","317","71","15","1","6","32","32","32","86","4","1","1","",".225",".301",".335",".636",".281","","2.5","-1.1","","1.1","10200"
"Martín Maldonado","HOU","108","426","372","71","13","1","13","44","43","42","121","6","1","0","",".192",".281",".334",".615",".272","","2.9","-1.5","","1.1","6887"
"Tom Murphy","SEA","59","234","207","45","8","1","9","27","28","23","72","2","1","1","",".219",".302",".401",".703",".305","","-0.3","-0.3","","1.1","13499"
"Nico Hoerner","CHC","64","276","249","68","14","1","4","31","28","20","43","4","7","3","",".273",".335",".384",".719",".313","","1.7","0.0","","1.0","21479"
"LaMonte Wade Jr.","SFG","101","436","372","88","18","2","13","55","46","52","97","6","7","3","",".236",".337",".403",".740",".324","","-1.4","-0.5","","1.0","18126"
"Nick Senzel","CIN","119","515","467","118","27","3","14","61","54","41","103","3","12","7","",".252",".315",".411",".726",".314","","-0.5","-1.0","","1.0","19293"
"Jarred Kelenic","SEA","109","473","422","95","20","2","20","56","62","42","121","4","12","5","",".226",".300",".421",".721",".310","","-3.8","0.0","","1.0","22558"
"Yadier Molina","STL","103","410","381","93","16","0","9","38","48","19","67","5","3","0","",".245",".289",".360",".649",".282","","3.1","-1.5","","1.0","7007"
"Bryson Stott","PHI","97","418","369","89","17","1","10","45","41","41","104","2","5","3","",".240",".317",".377",".694",".304","","1.3","-0.6","","1.0","26294"
"Bobby Dalbec","BOS","114","493","438","101","20","3","26","61","71","41","164","9","3","1","",".230",".306",".466",".772",".328","","0.2","-0.6","","1.0","19966"
"Austin Barnes","LAD","52","204","178","40","8","0","6","25","22","19","49","3","2","1","",".222",".308",".369",".677",".296","","0.7","-0.1","","1.0","12158"
"Jurickson Profar","SDP","111","480","416","100","21","2","13","58","54","51","74","7","9","3","",".241",".331",".396",".727",".318","","-2.2","0.4","","1.0","10815"
"César Hernández","WSN","107","463","413","104","18","1","11","58","43","41","90","4","3","1","",".252",".324",".381",".705",".308","","-0.6","-0.2","","1.0","10556"
"David Peralta","ARI","113","489","443","117","24","4","12","52","59","39","95","3","2","0","",".264",".326",".420",".746",".320","","1.3","-0.2","","1.0","2136"
"Brandon Marsh","LAA","100","431","382","93","18","3","9","45","39","40","126","3","9","3","",".245",".320",".376",".696",".305","","2.6","0.6","","1.0","20202"
"Chad Pinder","OAK","101","437","400","97","22","1","15","53","53","28","112","5","3","1","",".243",".299",".422",".720",".309","","-0.3","-0.7","","1.0","15191"
"Austin Hedges","CLE","89","351","318","61","11","0","12","34","39","22","101","4","2","0","",".192",".251",".345",".596",".257","","3.3","-0.4","","1.0","12976"
"Alec Bohm","PHI","66","287","257","69","13","1","8","34","34","24","66","2","3","1","",".268",".333",".421",".754",".326","","-0.3","-0.3","","1.0","21618"
"Rowdy Tellez","MIL","95","411","368","94","19","1","19","52","58","35","92","5","1","1","",".255",".325",".472",".797",".337","","-0.4","-0.7","","1.0","15679"
"Andrelton Simmons","CHC","97","420","383","98","19","1","6","43","40","27","55","4","3","1","",".257",".310",".357",".668",".293","","1.8","0.1","","1.0","10847"
"Elias Díaz","COL","85","336","306","81","17","1","11","40","41","24","56","2","0","0","",".266",".322",".438",".760",".326","","-1.4","-0.5","","1.0","11680"
"Luke Voit","SDP","110","473","408","97","17","1","20","59","65","53","134","8","1","0","",".237",".334",".433",".767",".332","","-0.4","-0.7","","1.0","14811"
"Patrick Wisdom","CHC","106","460","408","87","17","0","26","58","69","42","170","4","6","2","",".213",".291",".451",".742",".315","","0.6","-0.4","","1.0","13602"
"Thairo Estrada","SFG","66","284","261","68","13","1","9","37","35","17","54","4","4","2","",".261",".314",".426",".740",".318","","-1.4","0.1","","0.9","16426"
"Willie Calhoun","TEX","109","469","422","108","21","2","18","56","56","39","67","4","2","1","",".256",".322",".444",".765",".328","","-1.8","-1.2","","0.9","17838"
"Josh Harrison","CHW","93","403","367","93","18","2","7","43","41","23","59","10","6","3","",".254",".312",".376",".688",".301","","-0.6","-0.6","","0.9","8202"
"Triston Casas","BOS","56","243","206","52","12","1","9","33","31","32","54","2","2","1","",".255",".358",".460",".817",".351","","0.0","-0.2","","0.9","sa3007634"
"Cristian Pache","OAK","116","502","461","103","23","2","14","56","50","32","139","4","8","5","",".223",".276",".371",".647",".280","","3.9","-0.9","","0.9","19948"
"Oscar Mercado","CLE","83","357","320","77","16","2","10","43","39","28","71","4","11","3","",".239",".307",".399",".706",".306","","2.0","1.0","","0.9","16375"
"Jason Heyward","CHC","78","335","296","72","12","3","9","38","36","32","66","3","4","1","",".244",".323",".393",".716",".311","","1.0","0.4","","0.9","4940"
"Wil Myers","SDP","135","583","519","123","27","2","20","65","71","57","171","2","10","5","",".236",".313",".413",".726",".313","","-2.9","-0.1","","0.9","10047"
"Kole Calhoun","TEX","104","450","397","89","17","1","18","54","52","43","108","5","3","1","",".225",".307",".410",".717",".310","","1.0","-0.6","","0.9","11200"
"Austin Slater","SFG","66","284","247","60","13","1","8","35","30","30","77","4","10","2","",".242",".332",".402",".734",".320","","0.5","1.0","","0.9","16153"
"Yan Gomes","CHC","61","241","221","55","11","1","8","27","30","14","53","3","1","0","",".249",".301",".415",".717",".306","","0.7","-0.3","","0.9","9627"
"Kevin Plawecki","BOS","58","228","203","52","12","1","5","24","25","17","41","4","1","0","",".256",".324",".391",".715",".312","","-1.4","-0.5","","0.9","13807"
"Kyle Farmer","CIN","89","385","352","89","18","1","10","41","43","19","76","9","3","2","",".253",".307",".395",".702",".304","","0.0","-0.3","","0.9","14813"
"Randal Grichuk","COL","120","519","481","127","28","2","24","65","78","29","106","4","2","2","",".264",".310",".484",".793",".336","","-4.3","-0.8","","0.8","10243"
"Gary Sánchez","MIN","108","442","385","80","15","1","22","52","61","46","124","7","1","0","",".207",".300",".419",".720",".310","","-3.0","-0.8","","0.8","11442"
"MJ Melendez","KCR","51","213","185","44","9","1","10","27","28","24","53","1","2","1","",".236",".326",".458",".784",".336","","0.0","-0.1","","0.8","sa3004139"
"Kevin Newman","PIT","112","486","448","117","23","4","6","48","45","28","48","3","7","3","",".262",".308",".372",".680",".294","","-0.9","-0.2","","0.8","17696"
"Christian Walker","ARI","124","536","478","117","27","2","20","66","67","48","132","5","2","1","",".244",".317",".430",".747",".321","","1.6","0.0","","0.8","13419"
"Connor Joe","COL","91","394","335","87","19","2","13","51","47","49","84","6","2","1","",".260",".362",".446",".807",".351","","0.4","-0.4","","0.8","16572"
"Lane Thomas","WSN","104","450","395","91","21","3","14","54","54","46","121","4","9","4","",".231",".315",".403",".717",".311","","0.6","-0.4","","0.8","16939"
"Victor Robles","WSN","95","411","360","83","20","2","8","46","37","30","99","14","13","5","",".229",".312",".362",".674",".296","","2.4","0.1","","0.8","18363"
"Jake Fraley","CIN","79","339","291","68","15","1","13","44","46","40","92","4","11","4","",".235",".335",".431",".766",".331","","-1.4","0.2","","0.8","19260"
"Chas McCormick","HOU","58","250","221","53","9","1","8","29","29","23","67","3","4","2","",".239",".317",".390",".707",".309","","2.1","-0.1","","0.8","19599"
"Kevin Smith","OAK","85","365","330","72","16","2","13","40","41","27","106","3","8","3","",".218",".282",".395",".677",".292","","-0.4","0.2","","0.8","20242"
"Daniel Vogelbach","PIT","74","322","265","62","12","0","13","43","36","52","72","1","1","0","",".233",".359",".425",".784",".342","","-0.1","-0.9","","0.8","14130"
"Alex Kirilloff","MIN","91","394","363","94","18","1","14","44","50","25","91","4","3","2","",".259",".310",".434",".744",".318","","0.3","-0.7","","0.8","20325"
"Jordan Luplow","ARI","73","317","269","62","14","1","13","40","38","41","80","3","4","2","",".231",".337",".433",".769",".334","","0.2","-0.2","","0.8","16424"
"Tomás Nido","NYM","67","264","247","54","11","1","6","25","26","11","70","3","2","0","",".219",".258",".345",".603",".259","","1.3","-0.4","","0.8","13755"
"Josh Lowe","TBR","91","391","343","79","16","2","12","48","44","41","117","2","13","3","",".230",".314",".392",".706",".307","","-2.4","1.1","","0.8","19953"
"Edmundo Sosa","STL","51","220","200","51","8","2","5","24","22","10","45","7","3","2","",".255",".311",".388",".699",".303","","1.2","-0.4","","0.8","17022"
"Ben Gamel","PIT","109","473","407","100","23","3","9","54","42","57","119","4","6","4","",".244",".341",".384",".724",".318","","-1.3","-0.9","","0.8","12160"
"Nick Solak","TEX","70","304","272","71","12","1","8","36","34","23","63","6","4","2","",".261",".330",".404",".734",".320","","-1.9","0.0","","0.8","19294"
"Frank Schwindel","CHC","108","466","432","113","23","1","21","58","68","26","84","3","2","1","",".261",".306",".467",".774",".328","","-0.1","-0.7","","0.7","15351"
"Kyle Lewis","SEA","65","282","248","59","11","1","10","33","35","29","79","2","3","1","",".236",".320",".409",".729",".317","","-0.4","-0.2","","0.7","19508"
"Andrew McCutchen","MIL","128","555","475","111","22","1","21","70","71","70","125","5","8","3","",".234",".337",".416",".753",".328","","-0.7","-1.1","","0.7","9847"
"Tyrone Taylor","MIL","69","300","271","63","13","2","11","34","39","20","70","5","4","1","",".233",".298",".415",".713",".307","","1.7","0.1","","0.7","13675"
"Reese McGuire","CHW","41","163","147","34","7","0","4","17","15","12","34","1","1","0","",".230",".292",".364",".657",".286","","0.4","0.0","","0.7","15674"
"Bryan De La Cruz","MIA","64","278","251","67","12","1","7","31","28","21","63","2","2","2","",".265",".325",".405",".729",".316","","-0.7","-0.5","","0.7","19600"
"Seth Brown","OAK","116","502","457","103","23","3","22","60","70","38","148","3","5","2","",".225",".286",".434",".720",".306","","1.0","-0.4","","0.7","18171"
"Odúbel Herrera","PHI","62","268","243","64","14","1","8","34","31","17","47","3","3","1","",".265",".321",".435",".756",".325","","-3.0","-0.1","","0.7","11476"
"Jason Castro","HOU","38","150","127","26","6","0","5","17","16","19","46","2","0","0","",".208",".320",".380",".700",".309","","-0.4","-0.4","","0.7","8722"
"James McCann","NYM","82","324","294","67","12","1","9","31","35","22","89","4","3","1","",".228",".289",".360",".649",".283","","0.1","-0.6","","0.7","12859"
"Owen Miller","CLE","84","364","332","84","19","1","9","39","38","25","85","3","2","1","",".254",".309",".398",".707",".307","","1.3","-0.5","","0.7","24655"
"Eric Hosmer","SDP","124","538","488","130","25","1","15","58","67","41","108","4","4","3","",".266",".326",".413",".739",".319","","-1.0","-1.6","","0.7","3516"
"Nick Ahmed","ARI","99","430","387","92","22","2","9","45","44","33","88","3","6","2","",".237",".300",".376",".676",".293","","-1.1","0.2","","0.7","12147"
"Mike Moustakas","CIN","119","515","462","109","23","1","23","58","72","42","109","6","2","0","",".235",".305",".439",".744",".318","","-4.0","-1.1","","0.7","4892"
"Eddie Rosario","ATL","94","408","379","99","18","2","17","52","59","24","62","1","6","2","",".262",".305",".454",".759",".322","","-0.8","0.1","","0.7","12155"
"Carter Kieboom","WSN","63","274","234","55","11","1","7","31","29","32","61","5","2","1","",".236",".337",".381",".718",".316","","-1.3","-0.3","","0.7","19958"
"Seth Beer","ARI","92","397","346","88","19","0","14","49","47","32","88","15","1","1","",".256",".342",".435",".777",".336","","-0.3","-0.7","","0.7","20493"
"Gavin Sheets","CHW","69","298","268","67","13","0","13","36","43","24","70","2","1","1","",".250",".315",".451",".766",".328","","0.0","-0.5","","0.7","19901"
"Darin Ruf","SFG","92","397","346","83","17","1","15","46","48","43","109","5","2","1","",".241",".330",".426",".756",".327","","-0.2","-0.7","","0.7","9929"
"Robinson Canó","NYM","114","493","456","119","24","1","15","53","57","28","84","5","1","1","",".261",".309",".414",".723",".310","","-0.9","-1.1","","0.7","3269"
"Johan Camargo","PHI","51","222","200","50","11","1","7","26","26","18","46","1","0","0","",".252",".317",".424",".741",".319","","-0.2","-0.3","","0.7","14950"
"Matt Duffy","LAA","56","241","214","58","10","0","3","26","21","21","46","4","4","1","",".270",".343",".362",".704",".313","","-1.5","-0.3","","0.7","13836"
"Jose Miranda","MIN","50","217","197","53","12","0","7","26","27","14","35","3","1","1","",".270",".326",".442",".768",".329","","0.0","-0.2","","0.6","sa917952"
"Hunter Dozier","KCR","116","499","448","106","22","5","17","55","57","43","132","5","5","3","",".238",".309",".428",".736",".317","","-2.3","-0.9","","0.6","15117"
"Ben Rortvedt","NYY","35","138","123","27","5","0","5","15","16","11","37","2","1","0","",".217",".290",".374",".664",".290","","0.3","-0.1","","0.6","20287"
"Luis García","WSN","60","261","241","64","13","2","8","30","33","15","45","2","2","1","",".267",".311",".431",".742",".318","","-2.6","-0.1","","0.6","20391"
"Nick Pratto","KCR","74","319","276","63","13","2","14","40","40","36","100","4","5","2","",".227",".320",".440",".761",".327","","0.0","0.0","","0.6","sa3004138"
"Pavin Smith","ARI","99","430","385","100","19","3","10","50","43","39","82","3","2","1","",".259",".329",".406",".735",".319","","-0.3","-0.8","","0.6","19892"
"Jose Trevino","NYY","41","162","152","36","8","0","4","16","17","7","31","1","1","1","",".240",".274",".363",".637",".274","","0.7","-0.4","","0.6","16725"
"C.J. Abrams","SDP","64","279","252","60","13","1","6","34","28","19","59","3","12","4","",".237",".297",".363",".660",".289","","1.1","0.5","","0.6","25768"
"Jose Barrero","CIN","50","215","193","46","11","1","7","24","25","16","55","4","4","2","",".241",".309",".408",".717",".310","","-0.5","0.0","","0.6","23378"
"Sheldon Neuse","OAK","77","333","304","72","13","1","8","35","34","23","95","3","3","1","",".236",".292",".370",".662",".288","","0.1","-0.2","","0.6","19635"
"Steven Duggar","SFG","60","258","231","54","13","2","5","29","26","22","78","2","7","2","",".236",".306",".377",".684",".296","","0.5","0.4","","0.6","17719"
"Diego Castillo","PIT","78","335","303","77","16","1","8","36","33","26","48","3","4","2","",".253",".315",".392",".708",".308","","-0.6","-0.2","","0.6","19906"
"Victor Caratini","MIL","45","179","157","38","7","0","5","19","20","17","40","2","1","0","",".244",".327",".381",".708",".307","","-0.6","-0.2","","0.5","14968"
"Rougned Odor","BAL","73","315","282","59","13","1","14","37","41","25","89","5","2","2","",".210",".284",".413",".697",".299","","-1.0","-0.4","","0.5","12282"
"Cooper Hummel","ARI","40","172","142","33","6","1","5","22","18","25","41","3","2","1","",".234",".357",".406",".763",".336","","0.1","-0.2","","0.5","19458"
"Leury García","CHW","76","331","302","77","14","2","5","37","31","20","70","3","5","2","",".254",".304",".363",".668",".292","","-1.1","0.3","","0.5","5913"
"Charlie Blackmon","COL","129","558","499","136","26","4","17","77","67","46","98","8","3","2","",".273",".341",".443",".785",".338","","-1.5","-0.8","","0.5","7859"
"Carlos Santana","KCR","106","459","390","90","16","0","14","53","51","63","73","2","1","0","",".231",".339",".384",".723",".318","","-0.3","-0.6","","0.5","2396"
"Dylan Moore","SEA","56","243","213","45","10","1","7","27","26","23","68","5","12","4","",".209",".297",".370",".667",".293","","0.0","0.4","","0.5","18042"
"Michael Hermosillo","CHC","52","223","193","42","8","1","8","28","26","21","69","7","5","2","",".215",".312",".396",".708",".310","","0.3","0.0","","0.5","16285"
"Dom Nuñez","COL","62","246","211","42","9","2","9","29","29","30","80","2","1","1","",".199",".302",".390",".692",".298","","-0.1","-0.2","","0.5","15055"
"Curt Casali","SFG","61","242","212","45","9","0","6","23","24","23","68","3","1","0","",".213",".299",".346",".645",".282","","-0.7","-0.4","","0.5","12510"
"Kyle Isbel","KCR","52","226","204","50","10","2","6","27","23","17","53","3","7","2","",".246",".311",".396",".707",".306","","0.2","0.4","","0.5","21614"
"Tyler Naquin","CIN","101","437","401","103","22","2","15","51","58","28","105","4","5","3","",".257",".311",".436",".747",".320","","-0.1","-0.4","","0.5","13359"
"Mauricio Dubón","SFG","40","172","158","41","7","1","4","19","17","11","30","1","3","1","",".257",".307",".388",".695",".300","","0.4","-0.1","","0.5","16530"
"Yadiel Hernandez","WSN","74","320","288","76","12","1","11","38","40","27","73","2","3","2","",".263",".326",".430",".756",".325","","-1.7","-0.7","","0.5","19334"
"Nolan Gorman","STL","29","126","115","29","6","0","5","15","16","8","32","1","1","0","",".250",".304",".433",".737",".315","","0.0","-0.1","","0.5","sa3007017"
"Aledmys Díaz","HOU","43","184","167","41","9","0","5","20","23","12","33","4","1","0","",".246",".307",".400",".708",".305","","0.1","-0.3","","0.5","15937"
"Matt Vierling","PHI","57","248","223","53","10","1","6","28","25","18","59","3","5","2","",".239",".303",".379",".682",".296","","1.6","0.2","","0.5","21558"
"Jo Adell","LAA","95","411","378","89","17","3","18","46","59","25","124","4","6","2","",".235",".287",".437",".724",".309","","-2.1","-0.2","","0.5","20220"
"Alek Thomas","ARI","28","119","106","27","6","1","3","14","14","10","27","1","3","1","",".259",".330",".425",".754",".326","","0.0","0.0","","0.4","sa3006892"
"Abraham Toro","SEA","32","138","122","30","6","0","4","17","15","12","23","3","2","1","",".243",".322",".399",".722",".315","","-0.1","-0.2","","0.4","19844"
"Andrew Knizner","STL","49","195","174","42","8","0","5","21","21","15","40","3","2","0","",".240",".312",".375",".687",".300","","0.1","0.0","","0.4","19514"
"Brett Gardner","","60","259","224","51","9","2","6","29","26","29","59","3","3","1","",".226",".320",".366",".686",".303","","0.0","0.2","","0.4","9927"
"Rafael Ortega","CHC","74","322","284","69","14","2","9","39","31","32","68","2","9","4","",".242",".321",".394",".714",".311","","-0.2","-0.3","","0.4","10323"
"Cam Gallagher","KCR","23","91","82","20","5","0","2","9","8","7","16","1","0","0","",".245",".308",".362",".670",".294","","0.5","-0.2","","0.4","12981"
"Sergio Alcántara","ARI","58","251","219","49","8","2","4","27","21","28","64","2","3","1","",".225",".315",".339",".654",".290","","1.6","-0.1","","0.4","16417"
"Jorge Mateo","BAL","105","453","421","97","22","5","9","46","41","23","125","4","18","7","",".231",".276",".371",".647",".279","","-0.9","0.4","","0.4","17273"
"Adam Engel","CHW","49","212","192","45","9","1","6","24","22","12","54","4","7","2","",".236",".295",".393",".687",".298","","1.2","0.5","","0.4","15082"
"Jorge Alfaro","SDP","70","284","263","63","11","1","8","27","32","13","92","5","5","2","",".240",".287",".381",".668",".289","","-1.6","-0.3","","0.4","12180"
"Yu Chang","CLE","46","198","182","42","9","1","7","23","25","13","56","2","2","1","",".231",".287",".408",".695",".299","","0.6","-0.2","","0.4","14773"
"Brett Phillips","TBR","39","170","147","28","4","2","5","21","18","20","62","1","8","1","",".188",".287",".357",".644",".283","","2.2","0.9","","0.4","14735"
"Raimel Tapia","TOR","111","479","440","114","25","3","7","59","42","32","84","2","15","4","",".259",".310",".376",".686",".298","","-0.6","1.4","","0.4","14350"
"Victor Reyes","DET","28","119","111","30","6","2","2","14","12","6","25","1","3","1","",".272",".311",".416",".727",".312","","0.2","0.1","","0.4","15487"
"Vidal Bruján","TBR","26","111","98","23","6","0","2","13","11","11","20","1","7","2","",".239",".317",".370",".687",".302","","-0.1","0.5","","0.4","20536"
"Hanser Alberto","LAD","53","230","218","60","11","1","4","25","24","6","25","2","2","1","",".274",".298",".389",".687",".296","","0.0","-0.1","","0.4","11902"
"Luis Torrens","SEA","56","233","211","49","10","1","8","25","27","18","59","1","0","0","",".233",".296",".396",".692",".298","","-0.2","-0.3","","0.4","15905"
"Gabriel Arias","CLE","32","139","126","31","7","1","3","15","14","10","36","1","1","1","",".242",".301",".381",".682",".296","","0.0","-0.1","","0.4","sa3004047"
"Andrew Velazquez","LAA","36","157","141","32","7","1","3","19","15","13","46","1","8","2","",".226",".292",".365",".658",".287","","-0.4","0.8","","0.4","14196"
"Jon Berti","MIA","26","112","97","23","4","0","2","14","9","12","25","2","4","1","",".240",".334",".351",".685",".306","","-0.1","0.3","","0.3","12037"
"Yoshi Tsutsugo","PIT","116","499","429","97","20","1","17","57","59","61","124","3","1","1","",".226",".324",".398",".723",".315","","-0.2","-0.8","","0.3","27459"
"Tyler Wade","LAA","68","294","261","60","12","2","4","34","23","25","71","3","17","6","",".229",".303",".332",".635",".281","","-0.2","1.1","","0.3","15730"
"Luke Maile","CLE","41","163","143","29","7","0","3","16","14","16","48","2","1","1","",".203",".289",".311",".600",".268","","0.4","-0.1","","0.3","13355"
"Austin Allen","OAK","17","66","60","15","3","0","2","7","8","4","16","1","0","0","",".241",".291",".423",".714",".305","","0.0","-0.1","","0.3","18083"
"Dustin Garneau","DET","34","133","118","24","6","0","5","15","15","11","38","2","0","0","",".201",".280",".381",".661",".288","","-0.3","-0.2","","0.3","9433"
"Jace Peterson","MIL","41","176","152","35","7","1","4","20","18","21","39","1","5","1","",".231",".329",".365",".695",".308","","-1.0","0.4","","0.3","12325"
"Christian Arroyo","BOS","50","217","197","49","11","1","7","25","26","12","50","4","2","0","",".246",".300",".410",".710",".306","","0.8","0.1","","0.3","16434"
"Dominic Smith","NYM","73","315","284","71","16","1","10","35","40","23","75","5","1","1","",".248",".313",".410",".724",".313","","-1.3","-0.6","","0.3","15653"
"Starlin Castro","","32","140","129","35","7","0","3","15","16","9","25","1","1","0","",".270",".319",".401",".720",".311","","-1.1","-0.2","","0.3","4579"
"Jake Burger","CHW","18","79","71","18","3","0","3","9","9","6","19","1","0","0","",".247",".312",".426",".738",".318","","0.0","-0.1","","0.3","22275"
"Stephen Piscotty","OAK","97","418","379","90","19","0","13","43","48","29","102","5","4","1","",".237",".298",".393",".692",".300","","-0.9","0.0","","0.3","13367"
"Justin Upton","","60","259","227","51","10","0","11","32","33","26","76","3","2","1","",".227",".311",".424",".735",".318","","-0.3","-0.1","","0.3","5222"
"Leody Taveras","TEX","29","126","112","25","5","1","3","15","12","11","35","1","5","1","",".221",".294",".365",".659",".288","","0.8","0.3","","0.3","18900"
"Luis Guillorme","NYM","23","99","84","21","4","0","1","10","7","12","17","1","1","1","",".248",".344",".340",".683",".306","","-0.2","-0.2","","0.3","16451"
"Kelvin Gutierrez","BAL","67","289","263","62","10","2","6","28","28","20","73","3","3","1","",".237",".296",".359",".654",".286","","0.5","-0.3","","0.3","17468"
"Robinson Chirinos","BAL","43","168","145","30","6","1","5","18","17","17","52","4","1","0","",".205",".303",".366",".669",".294","","-1.3","-0.6","","0.3","3142"
"Mitch Moreland","","57","245","219","52","10","1","11","30","34","21","57","2","1","0","",".239",".309",".445",".754",".323","","-0.1","-0.9","","0.3","3086"
"Bryan Lavastida","CLE","23","91","81","19","4","0","2","12","9","8","20","1","2","1","",".240",".312",".373",".685",".300","","-0.8","0.0","","0.3","24765"
"Shed Long Jr.","BAL","26","112","100","23","5","1","3","12","12","10","28","1","2","1","",".235",".306",".400",".705",".306","","-0.2","0.0","","0.3","16542"
"Kevin Pillar","LAD","32","138","128","31","6","1","5","16","18","6","27","2","2","1","",".246",".290",".425",".715",".305","","0.2","0.2","","0.3","12434"
"Josh VanMeter","PIT","29","125","108","24","6","1","3","14","14","15","31","1","2","1","",".222",".319",".390",".709",".310","","-0.6","-0.1","","0.3","15170"
"Michael Chavis","PIT","53","230","211","52","9","2","10","27","30","13","65","3","2","1","",".247",".301",".442",".743",".318","","-0.5","-0.4","","0.3","17321"
"Travis Swaggerty","PIT","27","118","104","24","5","0","3","13","12","12","28","1","2","1","",".234",".315",".377",".693",".304","","0.0","0.0","","0.3","sa3007512"
"Yonny Hernandez","ARI","26","112","94","22","4","1","1","12","7","14","21","2","7","3","",".237",".348",".307",".654",".300","","0.6","0.2","","0.3","19432"
"Jed Lowrie","OAK","79","339","303","72","17","0","9","36","41","31","72","2","1","0","",".239",".313",".384",".697",".304","","-0.7","-0.9","","0.3","4418"
"Garrett Stubbs","PHI","24","95","83","18","4","0","2","11","8","10","20","1","2","0","",".220",".306",".335",".641",".286","","0.8","0.1","","0.3","18067"
"Nick Gordon","MIN","41","177","163","40","8","1","3","19","18","11","42","2","7","2","",".249",".302",".376",".678",".295","","-0.5","0.5","","0.3","16337"
"Orlando Arcia","ATL","34","149","135","34","6","0","4","16","17","11","27","1","2","1","",".250",".309",".399",".708",".306","","0.9","0.0","","0.3","13185"
"Donovan Solano","CIN","54","235","214","57","13","0","5","25","25","15","46","3","1","0","",".267",".322",".397",".719",".312","","-1.1","-0.4","","0.3","8623"
"Mike Brosseau","MIL","42","183","163","37","8","1","6","21","21","15","50","3","2","1","",".228",".303",".396",".700",".304","","0.1","-0.2","","0.3","19683"
"David Bote","CHC","24","105","92","22","4","1","3","12","12","10","25","1","1","0","",".236",".319",".407",".726",".315","","-0.1","0.0","","0.3","14593"
"Wilson Ramos","","24","96","87","23","4","0","3","11","12","7","17","1","0","0","",".263",".318",".431",".748",".321","","-0.7","-0.6","","0.3","1433"
"Harold Ramirez","TBR","39","170","158","43","10","1","4","19","20","8","31","2","2","1","",".272",".312",".419",".730",".313","","-0.4","-0.1","","0.3","14387"
"Payton Henry","MIA","37","145","130","27","5","0","3","14","13","10","46","3","0","0","",".209",".279",".333",".612",".270","","0.3","-0.2","","0.3","22164"
"Sam Hilliard","COL","84","361","324","73","14","3","16","45","45","31","119","2","9","3","",".225",".296",".430",".726",".309","","0.7","0.5","","0.3","17954"
"Lars Nootbaar","STL","60","260","229","56","7","1","8","31","28","26","55","1","3","2","",".243",".322",".394",".716",".310","","0.5","-0.4","","0.3","21454"
"Bobby Bradley","CLE","61","264","236","49","10","0","14","31","36","22","95","3","0","0","",".209",".285",".432",".717",".306","","1.2","-0.4","","0.3","17278"
"Jose Siri","HOU","46","197","180","41","8","1","7","23","23","12","69","2","8","2","",".226",".280",".392",".673",".290","","-1.2","0.4","","0.2","17452"
"Maikel Franco","WSN","62","268","247","60","13","0","9","27","35","17","44","1","0","0","",".243",".292",".413",".706",".300","","-1.4","-0.3","","0.2","12179"
"Edward Olivares","KCR","25","106","97","25","4","1","3","12","12","7","21","2","3","1","",".255",".313",".415",".728",".314","","-0.3","0.0","","0.2","19698"
"Jack Mayfield","LAA","29","124","114","26","6","1","4","14","15","7","27","1","2","0","",".231",".284",".406",".690",".296","","-0.3","0.0","","0.2","15402"
"Niko Goodrum","HOU","35","151","135","29","6","1","4","17","16","14","49","1","5","1","",".213",".288",".361",".650",".285","","-0.4","0.3","","0.2","12092"
"Charlie Culberson","TEX","34","145","133","33","7","1","3","15","15","9","36","1","3","1","",".245",".297",".386",".683",".295","","-0.5","0.1","","0.2","3298"
"Jackie Bradley Jr.","BOS","99","427","379","82","22","2","10","47","43","35","116","8","7","3","",".217",".295",".364",".659",".288","","3.5","0.4","","0.2","12984"
"Hoy Park","PIT","18","79","67","16","3","1","2","10","7","10","18","1","2","1","",".234",".340",".366",".707",".312","","-0.2","0.0","","0.2","18027"
"Ehire Adrianza","WSN","51","222","197","48","10","1","4","25","23","18","44","3","2","1","",".245",".316",".377",".693",".304","","-1.0","-0.1","","0.2","8418"
"Nick Allen","OAK","32","137","124","29","6","1","2","13","12","10","29","1","3","1","",".233",".295",".338",".633",".279","","0.0","0.0","","0.2","sa3004723"
"Eric Haase","DET","69","290","264","57","10","1","12","34","38","21","93","2","1","0","",".215",".277",".402",".679",".292","","0.1","-0.1","","0.2","14111"
"Juan Yepez","STL","18","80","71","17","4","0","4","10","11","7","19","1","1","0","",".247",".323",".459",".782",".335","","0.0","-0.1","","0.2","sa877505"
"Luis Rengifo","LAA","20","85","75","18","3","0","2","10","9","7","17","1","2","1","",".238",".311",".379",".690",".301","","0.0","0.1","","0.2","19858"
"Luis Campusano","SDP","10","41","37","9","2","0","1","5","5","3","9","1","0","0","",".243",".314",".410",".724",".314","","0.0","-0.1","","0.2","22217"
"Mason Martin","PIT","29","125","111","26","6","1","6","16","17","10","42","2","1","0","",".230",".300",".460",".761",".323","","0.0","-0.1","","0.2","sa3004885"
"Willi Castro","DET","21","93","85","21","4","1","2","10","10","5","21","1","2","1","",".246",".300",".390",".690",".298","","-0.4","0.0","","0.2","17338"
"Michael Stefanic","LAA","18","78","70","18","3","0","1","9","8","6","13","1","1","0","",".261",".330",".373",".703",".309","","0.0","-0.1","","0.2","sa3008479"
"Clint Frazier","CHC","87","374","327","75","19","1","13","44","41","40","103","5","4","2","",".229",".318",".412",".731",".318","","-1.4","-0.6","","0.2","15983"
"Geraldo Perdomo","ARI","29","126","107","24","4","1","1","13","9","14","29","2","3","2","",".220",".323",".320",".643",".289","","0.4","-0.2","","0.2","22799"
"Colton Welker","COL","30","131","117","30","6","1","4","16","16","11","29","1","1","0","",".259",".329",".431",".760",".328","","-0.1","-0.1","","0.2","19961"
"Riley Adams","WSN","59","234","201","43","9","1","7","25","23","24","78","6","1","0","",".212",".313",".367",".680",".301","","-0.7","-0.1","","0.2","19864"
"Richie Palacios","CLE","9","40","34","9","2","0","1","5","4","4","8","0","1","0","",".257",".346",".391",".737",".324","","0.0","0.0","","0.2","sa3006908"
"Billy McKinney","OAK","63","274","241","51","12","2","9","30","28","28","71","2","2","1","",".212",".296",".391",".687",".296","","0.8","-0.4","","0.2","15654"
"Nick Fortes","MIA","12","48","43","11","2","0","1","5","5","4","9","1","0","0","",".248",".319",".402",".721",".314","","-0.2","0.0","","0.2","21538"
"Jose Herrera","ARI","18","73","63","13","3","0","1","7","6","8","18","0","1","0","",".210",".303",".324",".628",".280","","0.6","-0.1","","0.2","17040"
"Cole Tucker","PIT","61","263","233","52","10","3","4","27","23","25","64","2","6","2","",".223",".300",".349",".649",".286","","0.3","0.1","","0.2","17326"
"Danny Mendick","CHW","17","73","64","15","3","0","2","8","7","7","16","1","1","1","",".230",".308",".354",".662",".292","","0.3","-0.1","","0.2","18889"
"Tres Barrera","WSN","11","42","37","8","2","0","1","4","4","4","9","1","0","0","",".229",".313",".371",".684",".299","","-0.2","0.0","","0.2","19977"
"Aramis Garcia","CIN","36","143","131","28","6","0","5","15","16","9","46","1","0","0","",".214",".268",".376",".644",".278","","0.4","-0.3","","0.2","16925"
"Jarren Duran","BOS","32","138","123","30","6","1","3","16","14","11","38","2","5","2","",".239",".307",".387",".694",".302","","0.3","0.1","","0.2","24617"
"Bradley Zimmer","TOR","29","125","109","23","4","0","3","15","12","11","44","4","4","1","",".213",".307",".339",".646",".289","","0.6","0.3","","0.1","16221"
"Matt Beaty","SDP","36","156","139","34","7","1","4","19","19","11","29","4","1","1","",".248",".321",".388",".709",".310","","-0.9","-0.1","","0.1","17710"
"Josh Jung","TEX","12","53","47","12","3","0","2","6","7","4","13","1","0","0","",".257",".324",".438",".762",".328","","0.0","0.0","","0.1","sa3011468"
"Nolan Jones","CLE","12","53","45","10","2","0","2","6","6","7","17","1","1","0","",".219",".329",".385",".714",".315","","0.0","0.0","","0.1","sa917941"
"Alex Dickerson","ATL","63","272","244","60","11","1","11","33","35","21","63","4","1","0","",".245",".314",".435",".748",".320","","-0.1","-0.3","","0.1","12649"
"Aristides Aquino","CIN","97","418","369","78","14","1","22","51","61","40","137","4","5","2","",".212",".295",".438",".733",".312","","-0.1","-0.1","","0.1","15482"
"Tyler Nevin","BAL","27","118","104","24","5","0","4","13","13","11","27","1","1","0","",".231",".312",".391",".703",".307","","-1.4","-0.1","","0.1","17893"
"Asdrúbal Cabrera","CIN","36","154","137","32","7","0","4","17","17","14","35","1","1","0","",".233",".308",".384",".692",".301","","-0.3","-0.8","","0.1","4962"
"Joe Panik","","29","126","113","28","5","0","2","13","12","10","18","1","1","0","",".247",".315",".351",".666",".293","","-0.6","-0.2","","0.1","11936"
"DJ Stewart","BAL","20","85","73","16","3","0","3","10","11","10","22","1","1","0","",".220",".324",".412",".736",".320","","-0.3","-0.1","","0.1","17766"
"Anthony Bemboom","BAL","15","60","53","10","2","0","2","6","5","6","16","1","0","0","",".198",".281",".326",".607",".270","","0.3","-0.1","","0.1","13854"
"Harold Castro","DET","41","179","168","45","7","1","2","17","17","7","39","1","1","1","",".267",".299",".354",".653",".284","","-0.9","-0.2","","0.1","14691"
"Tim Locastro","NYY","14","59","52","12","3","0","1","7","5","4","12","3","2","1","",".231",".319",".353",".672",".299","","-0.2","0.2","","0.1","15124"
"Marwin Gonzalez","NYY","21","92","83","19","4","0","2","10","10","7","22","1","1","0","",".231",".299",".366",".666",".291","","-0.3","-0.2","","0.1","5497"
"Jake Marisnick","PIT","23","99","89","20","5","1","3","11","11","6","29","2","2","1","",".229",".287",".390",".678",".293","","-0.2","0.0","","0.1","11339"
"Corey Dickerson","STL","63","273","252","66","13","2","7","30","29","17","51","2","3","2","",".261",".309",".408",".717",".308","","0.0","-0.6","","0.1","10762"
"Donovan Walton","SEA","6","26","23","6","1","0","1","3","3","3","5","0","0","0","",".245",".332",".378",".710",".312","","-0.1","0.0","","0.1","19314"
"Zack Collins","TOR","36","151","128","27","7","0","5","18","18","21","48","1","1","0","",".211",".323",".378",".701",".309","","-0.9","-0.1","","0.1","19181"
"Eli White","TEX","46","198","177","37","7","1","4","21","17","16","59","3","5","2","",".212",".289",".341",".630",".278","","0.4","-0.1","","0.1","19346"
"Adam Eaton","","24","105","92","23","4","1","2","12","11","9","22","2","1","0","",".244",".323",".381",".704",".309","","-0.6","0.0","","0.1","11205"
"Lewin Díaz","MIA","17","73","66","15","3","0","3","9","10","5","17","1","0","0","",".231",".290",".444",".733",".311","","0.1","-0.1","","0.1","18365"
"William Contreras","ATL","8","30","26","7","1","0","1","3","4","2","8","0","0","0","",".246",".317",".423",".740",".319","","-0.2","0.0","","0.1","20503"
"Kyle Garlick","MIN","15","66","60","14","3","0","3","8","9","4","20","1","1","0","",".227",".280",".446",".726",".307","","-0.2","0.0","","0.1","18063"
"Jake Rogers","DET","8","30","26","5","1","0","1","3","3","3","10","0","0","0","",".200",".289",".384",".672",".293","","0.2","0.0","","0.1","19452"
"Alejo Lopez","CIN","9","39","35","9","2","0","0","5","3","3","5","1","1","0","",".269",".336",".361",".698",".308","","0.1","-0.1","","0.1","21127"
"Alan Trejo","COL","30","131","121","29","6","1","4","15","15","7","32","1","1","1","",".240",".286",".403",".689",".295","","0.7","-0.3","","0.1","20056"
"Jake Lamb","LAD","33","144","125","26","5","0","5","17","17","15","41","2","1","0","",".210",".304",".384",".688",".301","","-0.5","0.0","","0.1","13329"
"Brendan Donovan","STL","5","20","17","4","1","0","0","2","2","2","4","0","0","0","",".253",".335",".379",".714",".315","","0.0","0.0","","0.1","sa3006675"
"Ernie Clement","CLE","17","73","66","16","4","0","1","7","6","4","11","1","1","1","",".248",".302",".344",".646",".284","","0.3","-0.1","","0.1","20352"
"Tyler Heineman","TOR","8","30","27","6","1","0","1","3","3","2","6","0","0","0","",".227",".299",".349",".649",".286","","0.1","0.0","","0.1","13897"
"Rylan Bannon","BAL","8","33","28","6","1","0","1","4","3","4","8","0","0","0","",".213",".309",".373",".683",".301","","0.0","0.0","","0.1","sa3004162"
"Miguel Andújar","NYY","8","33","30","8","2","0","1","4","5","2","6","0","0","0","",".262",".308",".462",".770",".327","","-0.2","0.0","","0.1","15878"
"Zack Short","DET","6","26","22","4","1","0","1","3","3","3","8","0","0","0","",".200",".312",".355",".667",".295","","0.1","0.0","","0.1","19562"
"Jahmai Jones","BAL","9","39","35","8","2","0","1","4","4","4","10","0","1","0","",".223",".308",".359",".666",".294","","0.0","0.0","","0.1","18872"
"Korey Lee","HOU","6","24","22","5","1","0","1","3","2","2","6","0","0","0","",".226",".287",".361",".648",".282","","0.0","0.0","","0.1","sa3010034"
"Brent Rooker","SDP","15","65","56","12","2","0","3","8","8","7","23","1","0","0","",".209",".304",".411",".715",".310","","-0.5","0.0","","0.1","19627"
"Matt Thaiss","LAA","8","31","27","6","1","0","1","3","3","4","8","0","0","0","",".211",".306",".363",".670",".295","","0.1","0.0","","0.1","19318"
"Connor Wong","BOS","5","18","16","4","1","0","1","2","2","1","5","0","0","0","",".237",".290",".409",".698",".300","","0.0","0.0","","0.1","19896"
"Estevan Florial","NYY","6","26","23","5","1","0","1","3","3","3","8","0","1","0","",".216",".299",".385",".684",".298","","0.0","0.0","","0.1","19151"
"Christian Bethancourt","OAK","11","43","40","9","2","0","1","4","5","3","10","0","0","0","",".227",".281",".387",".669",".289","","0.0","0.0","","0.1","10028"
"Jonathan Aranda","TBR","6","26","23","6","1","0","1","3","3","2","6","0","0","0","",".250",".328",".402",".730",".318","","0.0","0.0","","0.1","sa919293"
"Khris Davis","","26","112","100","23","4","1","6","14","16","9","31","1","0","0","",".228",".298",".447",".746",".318","","0.0","-0.3","","0.1","9112"
"Ali Sánchez","STL","8","30","28","7","1","0","0","3","3","2","7","0","0","0","",".236",".291",".343",".633",".278","","0.0","0.0","","0.1","18551"
"Jonah Bride","OAK","6","26","22","5","1","0","1","3","3","3","6","0","0","0","",".237",".336",".390",".726",".320","","0.0","0.0","","0.1","sa3007516"
"Brandon Drury","CIN","14","59","54","13","3","0","2","6","7","4","14","0","0","0","",".237",".293",".412",".704",".303","","-0.1","-0.1","","0.1","11615"
"Ryan Kreidler","DET","5","20","18","4","1","0","1","2","2","2","6","0","0","0","",".233",".306",".377",".683",".298","","0.0","0.0","","0.1","sa3010587"
"René Pinto","TBR","5","18","16","4","1","0","1","2","2","1","6","0","0","0","",".220",".283",".368",".651",".284","","0.0","0.0","","0.1","sa826668"
"Kody Clemens","DET","9","40","36","8","1","0","1","4","4","3","10","0","0","0","",".222",".287",".381",".668",".289","","0.0","0.0","","0.1","sa3008002"
"Daz Cameron","DET","20","86","76","17","4","1","2","9","8","7","24","1","3","1","",".222",".299",".375",".673",".294","","-0.4","0.1","","0.1","18353"
"Skye Bolt","OAK","14","59","51","11","2","0","1","6","5","6","17","1","1","0","",".208",".295",".345",".640",".283","","-0.1","0.0","","0.1","17723"
"Rodolfo Castro","PIT","5","20","18","4","1","0","1","2","3","1","5","0","0","0","",".234",".297",".428",".725",".310","","0.0","0.0","","0.1","21987"
"Yonathan Daza","COL","38","164","151","42","8","1","2","17","15","9","29","1","2","1","",".277",".321",".384",".705",".307","","0.9","-0.2","","0.1","15794"
"Derek Hill","DET","12","53","48","11","2","1","1","6","5","4","15","1","1","0","",".230",".293",".365",".659",".287","","-0.2","0.1","","0.1","16947"
"Jonathan Araúz","BOS","6","26","23","5","1","0","1","3","3","2","5","0","0","0","",".233",".302",".370",".672",".294","","0.1","0.0","","0.1","20275"
"Patrick Mazeika","NYM","3","12","11","2","1","0","0","1","1","1","2","0","0","0","",".227",".304",".374",".678",".296","","0.0","0.0","","0.0","18142"
"Lucius Fox","WSN","21","91","80","17","4","1","1","10","8","9","25","1","4","1","",".212",".299",".325",".624",".279","","-0.2","0.3","","0.0","18899"
"Greg Allen","PIT","24","105","92","22","5","1","1","11","9","8","24","3","5","1","",".235",".319",".346",".665",".295","","-0.3","0.3","","0.0","16623"
"Emmanuel Rivera","KCR","6","27","24","6","1","0","1","3","3","2","6","0","0","0","",".252",".311",".417",".728",".314","","0.0","0.0","","0.0","19890"
"Matt Carpenter","TEX","29","126","106","21","5","0","4","14","13","16","38","2","1","0","",".202",".317",".355",".672",".298","","-0.3","-0.3","","0.0","8090"
"Romy Gonzalez","CHW","5","20","18","4","1","0","1","2","2","2","6","0","0","0","",".230",".299",".395",".695",".301","","-0.1","0.0","","0.0","21562"
"TJ Friedl","CIN","6","26","23","5","1","0","1","3","3","3","5","0","1","0","",".241",".331",".389",".720",".316","","-0.2","0.0","","0.0","19522"
"Oswald Peraza","NYY","3","13","12","3","1","0","0","2","1","1","3","0","0","0","",".248",".304",".383",".688",".299","","0.0","0.0","","0.0","sa3003305"
"Austin Romine","LAA","12","48","44","10","2","0","1","5","5","2","13","0","0","0","",".229",".272",".359",".631",".273","","-0.1","-0.1","","0.0","5491"
"Carlos Pérez","COL","5","18","16","4","1","0","1","2","2","1","3","0","0","0","",".239",".298",".425",".724",".310","","0.0","0.0","","0.0","10642"
"Taylor Trammell","SEA","6","26","23","5","1","0","1","3","3","3","8","0","1","0","",".205",".300",".356",".656",".290","","0.1","0.0","","0.0","19960"
"Nick Maton","PHI","8","33","28","6","1","0","1","3","3","3","9","0","0","0","",".215",".304",".351",".655",".290","","0.0","0.0","","0.0","21635"
"Michael Perez","PIT","11","42","37","8","2","0","1","4","4","4","12","0","0","0","",".202",".284",".346",".630",".277","","0.1","-0.1","","0.0","12977"
"Brian Goodwin","","42","182","161","36","8","1","5","20","20","17","49","1","2","1","",".227",".306",".384",".690",".301","","-2.1","-0.3","","0.0","12858"
"Jose Rojas","LAA","35","150","136","31","7","0","5","17","17","12","37","1","2","1","",".225",".288",".396",".684",".295","","-0.2","-0.2","","0.0","19331"
"Travis Jankowski","NYM","11","46","40","9","1","0","0","5","3","5","9","0","2","1","",".239",".330",".315",".644",".288","","-0.2","0.0","","0.0","13768"
"Donny Sands","PHI","3","12","11","2","0","0","0","1","1","1","3","0","0","0","",".230",".306",".383",".689",".299","","0.0","0.0","","0.0","sa875201"
"Jhonny Pereda","SFG","3","12","11","2","1","0","0","1","1","1","2","0","0","0","",".235",".320",".333",".652",".292","","0.0","0.0","","0.0","sa735866"
"Pedro Severino","MIL","18","72","64","15","3","0","2","8","8","6","18","1","0","0","",".233",".302",".382",".684",".298","","-0.1","-0.2","","0.0","14523"
"Juan Lagares","","16","70","65","16","4","0","2","7","8","4","17","1","1","0","",".247",".292",".386",".678",".292","","0.3","0.0","","0.0","5384"
"Jason Vosler","SFG","3","13","12","3","1","0","0","2","2","1","3","0","0","0","",".230",".311",".408",".719",".311","","0.0","0.0","","0.0","16686"
"Josh Palacios","WSN","6","26","23","6","1","0","1","3","3","2","7","0","1","0","",".241",".325",".392",".717",".314","","0.0","0.0","","0.0","19818"
"Kyle Stowers","BAL","3","13","11","3","1","0","1","2","2","1","4","0","0","0","",".233",".321",".425",".747",".323","","0.0","0.0","","0.0","sa1115829"
"Pablo Reyes","MIL","6","26","23","5","1","0","1","3","3","2","6","0","1","0","",".235",".304",".385",".689",".299","","-0.2","0.0","","0.0","16357"
"Rob Refsnyder","BOS","6","26","23","6","1","0","1","3","3","3","7","0","0","0","",".242",".328",".379",".707",".311","","0.0","0.0","","0.0","13770"
"José Godoy","MIN","5","18","16","4","1","0","0","2","2","1","4","0","0","0","",".230",".297",".351",".648",".285","","-0.1","0.0","","0.0","15808"
"Trevor Larnach","MIN","49","210","185","41","9","0","6","22","21","19","68","4","1","0","",".223",".306",".373",".679",".298","","-0.6","-0.2","","0.0","21501"
"Ryan McKenna","BAL","21","92","80","17","3","1","3","10","9","10","29","1","2","1","",".216",".305",".366",".671",".295","","0.0","-0.1","","0.0","19928"
"Eric Sogard","","16","70","63","15","3","0","1","7","7","5","12","1","1","0","",".242",".303",".351",".654",".286","","-0.5","-0.1","","0.0","7927"
"Luke Raley","TBR","12","52","46","10","2","0","2","6","6","4","16","1","1","0","",".222",".296",".393",".689",".299","","0.0","0.0","","0.0","19354"
"Gilberto Celestino","MIN","23","99","88","21","5","0","2","11","9","8","23","1","1","1","",".233",".301",".363",".665",".291","","-0.5","-0.1","","0.0","20233"
"Sam Huff","TEX","3","12","11","2","0","0","1","1","2","1","4","0","0","0","",".217",".274",".407",".681",".292","","0.0","0.0","","0.0","22209"
"Drew Ellis","ARI","9","40","34","7","2","0","1","4","4","4","12","1","0","0","",".207",".305",".361",".665",".294","","0.0","-0.1","","0.0","19873"
"Tim Beckham","MIN","5","20","18","4","1","0","1","2","2","1","5","0","0","0","",".232",".290",".389",".680",".294","","-0.1","0.0","","0.0","7949"
"José Peraza","NYY","8","33","30","7","1","0","1","4","3","2","5","0","0","0","",".245",".293",".365",".658",".287","","-0.4","0.0","","0.0","13593"
"Ryan O'Hearn","KCR","9","40","36","8","2","0","2","4","5","4","10","0","0","0","",".227",".300",".415",".715",".307","","0.0","0.0","","0.0","16442"
"Mark Vientos","NYM","2","7","6","1","0","0","0","1","1","1","2","0","0","0","",".229",".297",".435",".732",".313","","0.0","0.0","","0.0","sa3004720"
"Andrew Knapp","PIT","38","150","129","27","6","1","2","13","14","17","42","2","0","0","",".208",".309",".322",".631",".283","","-2.2","-0.1","","0.0","14942"
"Taylor Jones","HOU","3","13","11","3","1","0","0","2","2","1","3","0","0","0","",".232",".318",".398",".716",".312","","0.0","0.0","","0.0","19533"
"Joe Perez","HOU","6","26","24","6","1","0","1","3","3","2","7","0","0","0","",".239",".290",".392",".682",".294","","-0.1","0.0","","0.0","22254"
"Jacob Nottingham","BAL","3","12","11","2","0","0","0","1","1","1","4","0","0","0","",".199",".273",".366",".639",".279","","0.0","0.0","","0.0","16448"
"Garrett Hampson","COL","47","204","184","45","8","2","5","25","18","15","49","1","8","2","",".243",".303",".388",".691",".299","","-0.7","0.7","","0.0","19262"
"Adam Haseley","CHW","3","13","12","3","1","0","0","1","1","1","3","0","0","0","",".240",".306",".364",".669",".293","","0.0","0.0","","0.0","19878"
"Yolbert Sanchez","CHW","2","7","6","2","0","0","0","1","1","0","1","0","0","0","",".261",".321",".372",".693",".303","","0.0","0.0","","0.0","sa3011471"
"Joe McCarthy","TEX","5","20","17","4","1","0","1","2","2","2","5","0","0","0","",".224",".311",".380",".691",".303","","-0.1","0.0","","0.0","18399"
"Travis Demeritte","ATL","3","13","11","3","1","0","1","2","2","1","4","0","0","0","",".225",".308",".429",".736",".317","","0.0","0.0","","0.0","15958"
"Otto Lopez","TOR","2","7","6","2","0","0","0","1","1","0","1","0","0","0","",".262",".324",".376",".700",".306","","0.0","0.0","","0.0","19608"
"Ronald Torreyes","PHI","5","20","18","4","1","0","0","2","2","1","3","0","0","0","",".245",".295",".358",".654",".284","","0.1","0.0","","0.0","11400"
"Luke Williams","SFG","5","20","18","4","1","0","0","2","2","2","5","0","1","0","",".226",".295",".337",".632",".279","","0.1","0.0","","0.0","19931"
"Zach McKinstry","LAD","2","7","6","1","0","0","0","1","1","1","2","0","0","0","",".237",".308",".404",".712",".308","","0.0","0.0","","0.0","19392"
"Stuart Fairchild","ARI","3","13","12","3","1","0","0","1","1","1","4","0","0","0","",".223",".307",".375",".683",".298","","-0.1","0.0","","0.0","20321"
"Matt Joyce","PHI","19","84","71","16","3","0","2","10","9","11","20","1","1","0","",".224",".329",".371",".700",".308","","-0.9","-0.2","","0.0","3353"
"Tyler White","MIL","2","7","5","1","0","0","0","1","1","1","2","0","0","0","",".233",".347",".403",".750",".330","","0.0","0.0","","0.0","15564"
"Meibrys Viloria","TEX","3","12","10","2","0","0","0","1","1","1","4","0","0","0","",".203",".300",".314",".614",".276","","0.0","0.0","","0.0","17109"
"Cody Thomas","OAK","3","13","12","2","1","0","0","1","1","1","4","0","0","0","",".210",".286",".395",".681",".294","","0.0","0.0","","0.0","sa738459"
"Danny Santana","","8","35","32","7","1","0","1","4","4","2","10","0","1","0","",".226",".286",".407",".693",".297","","0.0","0.0","","0.0","10322"
"Colin Moran","CIN","65","281","252","63","11","0","11","30","41","24","71","2","1","1","",".250",".318",".422",".740",".319","","-0.6","-1.1","","0.0","16909"
"Nomar Mazara","SDP","3","13","12","3","1","0","0","1","2","1","3","0","0","0","",".236",".304",".403",".707",".306","","-0.1","0.0","","0.0","14553"
"P.J. Higgins","CHC","2","6","5","1","0","0","0","1","1","1","2","0","0","0","",".210",".296",".323",".619",".277","","0.0","0.0","","0.0","18433"
"Jake Cave","MIN","3","13","12","3","1","0","0","1","1","1","4","0","0","0","",".226",".297",".376",".672",".293","","0.0","0.0","","0.0","14477"
"Tucupita Marcano","PIT","2","7","6","1","0","0","0","1","1","1","1","0","0","0","",".238",".323",".338",".661",".295","","0.0","0.0","","0.0","22871"
"Drew Waters","ATL","3","13","12","3","1","0","0","1","1","1","4","0","0","0","",".225",".296",".364",".660",".289","","0.0","0.0","","0.0","sa3004378"
"Dalton Kelly","OAK","5","20","17","4","1","0","1","2","2","2","6","0","0","0","",".210",".310",".363",".673",".297","","0.0","0.0","","0.0","sa876363"
"Ender Inciarte","NYY","3","13","12","3","0","0","0","1","1","1","3","0","0","0","",".226",".298",".332",".630",".279","","0.0","0.0","","0.0","4922"
"Alfonso Rivas","CHC","14","59","52","13","2","0","1","7","5","6","15","1","0","0","",".244",".328",".357",".685",".304","","0.2","-0.1","","0.0","21560"
"Franchy Cordero","BOS","2","7","6","1","0","0","0","1","1","1","2","0","0","0","",".237",".309",".410",".720",".311","","0.0","0.0","","0.0","14567"
"Matt Reynolds","NYM","3","13","11","2","1","0","0","1","1","1","4","0","0","0","",".213",".302",".320",".622",".278","","-0.1","0.0","","0.0","13788"
"Chris Owings","BAL","32","138","124","25","5","1","4","14","13","11","45","1","3","1","",".201",".272",".346",".618",".269","","0.5","-0.1","","0.0","10030"
"Jaylin Davis","SFG","3","13","12","3","1","0","0","2","2","1","4","0","0","0","",".222",".300",".395",".696",".301","","0.0","0.0","","0.0","19552"
"Evan White","SEA","5","20","18","4","1","0","1","2","2","2","6","0","0","0","",".213",".281",".381",".662",".287","","0.1","0.0","","0.0","20078"
"Alex Jackson","MIL","3","12","11","2","0","0","1","1","1","1","5","0","0","0","",".186",".266",".373",".640",".276","","0.0","0.0","","0.0","17276"
"Yusniel Diaz","BAL","32","138","121","26","6","1","4","15","14","13","40","1","1","1","",".216",".298",".374",".672",".292","","0.0","-0.1","","0.0","sa912848"
"Zach Reks","TEX","3","13","11","2","0","0","0","1","1","1","4","0","0","0","",".213",".305",".361",".666",".294","","0.0","0.0","","0.0","19667"
"Christian Lopes","OAK","3","13","11","2","1","0","0","1","1","1","4","0","0","0","",".196",".299",".322",".621",".279","","0.0","0.0","","0.0","sa601044"
"Edwin Ríos","LAD","30","131","118","25","5","0","6","16","18","10","47","2","1","0","",".214",".284",".427",".711",".304","","-0.4","-0.2","","0.0","18316"
"Mickey Moniak","PHI","42","183","165","36","7","2","5","20","20","13","51","2","2","1","",".218",".280",".385",".665",".285","","-0.3","0.0","","0.0","19956"
"Nick Ciuffo","CHW","2","6","5","1","0","0","0","1","1","0","2","0","0","0","",".201",".265",".340",".605",".265","","0.0","0.0","","0.0","16291"
"Travis Shaw","BOS","15","66","57","12","3","0","2","7","8","7","18","1","0","0","",".216",".311",".387",".698",".305","","0.1","-0.1","","0.0","11982"
"Drew Jackson","OAK","3","13","11","2","0","0","0","1","1","1","4","0","0","0","",".196",".291",".311",".602",".270","","-0.1","0.0","","0.0","17807"
"Tim Lopes","COL","2","7","6","1","0","0","0","1","1","0","1","0","0","0","",".249",".312",".390",".702",".305","","0.0","0.0","","0.0","14137"
"Jonathan Davis","MIL","3","13","11","2","0","0","0","1","1","1","4","0","0","0","",".202",".306",".322",".628",".283","","0.0","0.0","","0.0","15104"
"Sebastian Rivero","KCR","3","12","11","2","1","0","0","1","1","1","3","0","0","0","",".217",".277",".331",".609",".267","","0.0","0.0","","0.0","21735"
"Gosuke Katoh","TOR","15","66","58","13","3","0","1","7","6","6","17","0","1","1","",".225",".305",".342",".647",".287","","0.0","-0.1","","0.0","15697"
"Ivan Castillo","KCR","2","7","6","1","0","0","0","1","1","0","1","0","0","0","",".243",".297",".341",".638",".280","","0.0","0.0","","0.0","15971"
"Nick Plummer","NYM","2","7","6","1","0","0","0","1","1","1","2","0","0","0","",".200",".312",".343",".655",".293","","0.0","0.0","","0.0","18690"
"Tony Wolters","LAD","3","12","11","2","0","0","0","1","1","1","3","0","0","0","",".199",".284",".285",".569",".257","","0.0","0.0","","0.0","11470"
"Albert Almora Jr.","CIN","2","7","6","1","0","0","0","1","1","0","1","0","0","0","",".246",".296",".386",".681",".294","","0.0","0.0","","0.0","14109"
"Seby Zavala","CHW","3","12","11","2","0","0","0","1","1","1","5","0","0","0","",".173",".246",".324",".570",".250","","-0.1","0.0","","0.0","18887"
"Rafael Marchan","PHI","9","36","32","7","1","0","1","4","3","3","7","0","0","0","",".226",".295",".329",".625",".277","","0.0","0.0","","0.0","21646"
"Alex De Goti","HOU","2","7","6","1","0","0","0","1","1","1","2","0","0","0","",".204",".281",".312",".594",".264","","-0.1","0.0","","0.0","19477"
"Roman Quinn","PHI","3","13","12","2","0","0","0","1","1","1","4","0","1","0","",".216",".292",".343",".634",".280","","-0.1","0.0","","0.0","13546"
"Richie Martin","BAL","21","92","83","18","4","1","1","9","8","7","23","1","2","1","",".221",".288",".334",".622",".275","","-0.7","-0.1","","0.0","17736"
"Steven Souza Jr.","SEA","2","7","6","1","0","0","0","1","1","1","2","0","0","0","",".191",".286",".344",".630",".278","","0.0","0.0","","0.0","5667"
"David Dahl","MIL","3","13","12","3","1","0","0","1","1","1","3","0","0","0","",".236",".288",".396",".683",".295","","0.0","0.0","","0.0","13744"
"Dexter Fowler","TOR","2","7","6","1","0","0","0","1","1","1","2","0","0","0","",".212",".303",".362",".665",".293","","-0.1","0.0","","0.0","4062"
"Buddy Reed","OAK","3","13","12","2","1","0","0","1","1","1","5","0","0","0","",".194",".268",".315",".582",".258","","0.0","0.0","","0.0","sa738683"
"Símon Muzziotti","PHI","12","52","48","12","2","0","1","6","4","3","10","0","1","1","",".246",".300",".353",".653",".286","","0.0","-0.1","","0.0","19553"
"Phil Gosselin","ATL","6","26","23","6","1","0","0","3","3","2","6","0","0","0","",".245",".314",".359",".673",".296","","-0.2","0.0","","0.0","10953"
"Gerardo Parra","WSN","2","7","6","1","0","0","0","1","1","1","2","0","0","0","",".226",".296",".345",".641",".282","","0.0","0.0","","0.0","8553"
"Jarrod Dyson","","16","70","63","14","2","0","1","7","6","6","16","1","4","1","",".221",".289",".316",".605",".269","","-0.1","0.2","","0.0","4866"
"José Azocar","SDP","12","52","48","11","2","0","1","6","5","3","13","0","2","1","",".237",".287",".350",".637",".278","","-0.2","0.0","","0.0","18821"
"Heliot Ramos","SFG","41","178","162","38","8","1","5","20","17","13","52","2","4","1","",".234",".296",".377",".672",".293","","-1.7","0.0","","0.0","22515"
"Eric Thames","OAK","6","26","23","5","1","0","1","3","3","2","8","0","0","0","",".210",".289",".394",".683",".295","","-0.2","-0.1","","0.0","3711"
"Jose Lobaton","","5","19","17","3","1","0","0","2","2","2","6","0","0","0","",".188",".270",".313",".583",".260","","-0.1","0.0","","0.0","4243"
"Ryan Dorow","TEX","5","20","18","4","1","0","0","2","2","2","6","0","0","0","",".208",".286",".331",".617",".273","","-0.4","0.0","","0.0","23559"
"Corey Ray","MIL","3","13","12","2","1","0","0","1","1","1","4","0","0","0","",".207",".271",".367",".637",".277","","-0.2","0.0","","0.0","19170"
"Wilmer Difo","ARI","9","40","36","8","1","0","1","4","4","3","9","0","0","0","",".237",".303",".342",".646",".284","","-0.1","0.0","","0.0","14320"
"Billy Hamilton","SEA","5","20","18","4","1","0","0","2","1","1","6","0","1","0","",".196",".258",".278",".536",".240","","0.1","0.1","","0.0","10199"
"Sandy León","CIN","14","54","48","10","2","0","1","5","5","4","15","1","0","0","",".198",".263",".325",".588",".259","","-0.1","-0.2","","0.0","5273"
"Grayson Greiner","ARI","6","24","21","4","1","0","1","2","2","2","8","0","0","0","",".198",".277",".318",".595",".265","","-0.1","0.0","","0.0","17062"
"Lewis Brinson","HOU","18","79","73","16","3","0","2","8","9","4","22","1","1","0","",".217",".268",".364",".632",".274","","-0.6","0.0","","0.0","14352"
"Kurt Suzuki","LAA","39","155","140","32","6","0","4","14","16","9","28","5","0","0","",".231",".296",".366",".663",".291","","-2.8","-0.4","","0.0","8259"
"Albert Pujols","STL","48","206","190","47","6","0","9","22","32","12","32","2","1","1","",".246",".295",".425",".720",".306","","0.0","-0.6","","0.0","1177"
"Guillermo Heredia","ATL","36","156","137","31","8","0","3","18","14","14","38","3","1","0","",".225",".308",".358",".666",".292","","-0.5","-0.1","","-0.1","18721"
"Stephen Vogt","OAK","62","256","228","46","11","1","7","25","27","24","65","1","1","0","",".201",".279",".352",".631",".275","","-0.8","-0.7","","-0.1","5000"
"Donovan Casey","WSN","15","65","60","13","3","0","2","7","7","4","22","1","1","0","",".222",".277",".370",".647",".281","","0.0","0.0","","-0.1","sa915654"
"Ryan Vilade","COL","11","46","41","10","2","0","1","5","4","4","9","0","1","0","",".249",".312",".365",".677",".296","","0.0","0.0","","-0.1","22165"
"Keston Hiura","MIL","60","261","231","52","11","1","10","30","31","21","88","6","4","2","",".224",".304",".405",".709",".307","","-0.6","-0.1","","-0.1","20003"
"Max Schrock","CIN","12","52","47","11","2","0","1","6","5","4","11","0","1","0","",".238",".299",".370",".669",".290","","-0.3","-0.1","","-0.1","17750"
"Anthony Alford","PIT","74","322","282","60","12","1","10","35","34","31","112","4","11","4","",".214",".299",".370",".669",".292","","-0.7","0.5","","-0.1","14329"
"Miguel Cabrera","DET","115","496","449","113","16","0","15","49","62","39","114","4","0","0","",".252",".315",".388",".703",".306","","-0.4","-2.5","","-0.2","1744"
"Jake McCarthy","ARI","80","344","307","67","13","5","8","37","33","30","99","3","17","5","",".217",".291",".365",".656",".286","","-0.7","1.2","","-0.2","21622"
"Dee Strange-Gordon","WSN","26","111","105","26","4","1","1","11","9","4","17","1","3","1","",".253",".285",".341",".625",".272","","-1.0","0.1","","-0.2","8203"
"Alcides Escobar","WSN","103","444","408","96","20","1","6","48","38","24","86","6","5","1","",".236",".287",".338",".625",".274","","-4.1","0.4","","-0.3","6310"
